id,conversation_id,p,date,time,timezone,user_id,username,name,place,tweet,language,mentions,urls,photos,replies_count,retweets_count,likes_count,hashtags,cashtags,link,retweet,quote_url,video,thumbnail,near,geo,source,user_rt_id,user_rt,retweet_id,reply_to,retweet_date,translate,trans_src,trans_dest
1397685237119963139,1397685237119963139,2021-05-26 18:45:02 Eastern Daylight Time,2021-05-26,18:45:02,-0400,19091173,scrowder,Steven Crowder,,There are enough Michiganders that will re-elect Governor #Whitmer because the media will not cover the nursing home deaths nor the COVID rules that she is breaking herself. #WhitmerDeathToll,en,[],[],[],59,195,1019,"['whitmer', 'whitmerdeathtoll']",[],https://twitter.com/scrowder/status/1397685237119963139,False,,0,,,,,,,,[],,,,
1397668876750626816,1397668876750626816,2021-05-26 17:40:02 Eastern Daylight Time,2021-05-26,17:40:02,-0400,19091173,scrowder,Steven Crowder,,"Point me to one statement from #PresidentTrump that’s antisemitic. There are none and if you have a link to video, the comments below are open.",en,[],[],[],138,382,4100,['presidenttrump'],[],https://twitter.com/scrowder/status/1397668876750626816,False,,0,,,,,,,,[],,,,
1397648745572048904,1397648745572048904,2021-05-26 16:20:02 Eastern Daylight Time,2021-05-26,16:20:02,-0400,19091173,scrowder,Steven Crowder,,#JohnCena and the rest of Hollywood are carrying water for China and the NBA and corporations keep apologizing and bending the knee to them. #china,en,[],[],[],104,428,3129,"['johncena', 'china']",[],https://twitter.com/scrowder/status/1397648745572048904,False,,0,,,,,,,,[],,,,
1397556615562338306,1397556615562338306,2021-05-26 10:13:57 Eastern Daylight Time,2021-05-26,10:13:57,-0400,19091173,scrowder,Steven Crowder,,We are Live #mugclub @BlazeTV  ⬇️   https://t.co/eecAO5QJBd,en,"[{'screen_name': 'blazetv', 'name': 'blazetv', 'id': '753385398718521344'}]",['https://www.blazetv.com/not-live/O97EWPbgygSu-louder-with-crowder--52621?channel=live'],[],19,23,258,['mugclub'],[],https://twitter.com/scrowder/status/1397556615562338306,False,,0,,,,,,,,[],,,,
1397324137576677376,1397324137576677376,2021-05-25 18:50:10 Eastern Daylight Time,2021-05-25,18:50:10,-0400,19091173,scrowder,Steven Crowder,,We just need to stop importing Canadians.  https://t.co/0TrQRBKJmB,en,[],[],[],180,197,1802,[],[],https://twitter.com/scrowder/status/1397324137576677376,False,,1,https://pbs.twimg.com/ext_tw_video_thumb/1397322874441113600/pu/img/p6oxmmC39yGKlpnx.jpg,,,,,,,[],,,,
1397242084369776641,1397242084369776641,2021-05-25 13:24:07 Eastern Daylight Time,2021-05-25,13:24:07,-0400,19091173,scrowder,Steven Crowder,,Of course he did.,en,[],[],[],452,380,4810,[],[],https://twitter.com/scrowder/status/1397242084369776641,False,https://twitter.com/JoeXu/status/1396910262494457856,0,,,,,,,,[],,,,
1397227124021420033,1397227124021420033,2021-05-25 12:24:40 Eastern Daylight Time,2021-05-25,12:24:40,-0400,19091173,scrowder,Steven Crowder,,"We had more peace deals and no major wars under Trump’s four years, and in the last few months, we are back to the same old same old.",en,[],[],[],264,1622,12311,[],[],https://twitter.com/scrowder/status/1397227124021420033,False,,0,,,,,,,,[],,,,
1397195435010400267,1397195435010400267,2021-05-25 10:18:44 Eastern Daylight Time,2021-05-25,10:18:44,-0400,19091173,scrowder,Steven Crowder,,We are Live with a huge show  @BlazeTV #mugclub   Link here:    https://t.co/wi25K1Jl7w,en,"[{'screen_name': 'blazetv', 'name': 'blazetv', 'id': '753385398718521344'}]",['https://www.blazetv.com/watch/channel/live/live/xNb0VkkzD2WL-louder-with-crowder--52521'],[],22,38,357,['mugclub'],[],https://twitter.com/scrowder/status/1397195435010400267,False,,0,,,,,,,,[],,,,
1397173100727443459,1397173100727443459,2021-05-25 08:50:00 Eastern Daylight Time,2021-05-25,08:50:00,-0400,19091173,scrowder,Steven Crowder,,10am EST: See you soon #mugclub,en,[],[],[],35,39,735,['mugclub'],[],https://twitter.com/scrowder/status/1397173100727443459,False,,0,,,,,,,,[],,,,
1397118701552521219,1397118701552521219,2021-05-25 05:13:50 Eastern Daylight Time,2021-05-25,05:13:50,-0400,19091173,scrowder,Steven Crowder,,Can’t sleep. Clown’ll eat me.,en,[],[],[],228,123,3439,[],[],https://twitter.com/scrowder/status/1397118701552521219,False,,0,,,,,,,,[],,,,
1397005128700502016,1397005128700502016,2021-05-24 21:42:32 Eastern Daylight Time,2021-05-24,21:42:32,-0400,19091173,scrowder,Steven Crowder,,“The governor also signed…an order that immediately no longer requires 6 feet of separation between tables.” #Whitmer (from the @AP)  https://t.co/oj0JO46oEL,en,"[{'screen_name': 'ap', 'name': 'the associated press', 'id': '51241574'}]",[],['https://pbs.twimg.com/media/E2MowtGWUAAky2f.jpg'],91,371,2574,['whitmer'],[],https://twitter.com/scrowder/status/1397005128700502016,False,,1,https://pbs.twimg.com/media/E2MowtGWUAAky2f.jpg,,,,,,,[],,,,
1396967390659895299,1396967390659895299,2021-05-24 19:12:34 Eastern Daylight Time,2021-05-24,19:12:34,-0400,19091173,scrowder,Steven Crowder,,Wait... Amazon’s “Whole Foods?” Wait... Elon Musk’s “Tesla?” Her legs broken? It’s like three blocks away from her apt.,en,[],[],[],129,967,5696,[],[],https://twitter.com/scrowder/status/1396967390659895299,False,https://twitter.com/thebrandonmorse/status/1395414092421156864,0,,,,,,,,[],,,,
1396950597555916813,1396950597555916813,2021-05-24 18:05:51 Eastern Daylight Time,2021-05-24,18:05:51,-0400,19091173,scrowder,Steven Crowder,,Looks healthy!,en,[],[],[],1003,105,2393,[],[],https://twitter.com/scrowder/status/1396950597555916813,False,https://twitter.com/PortalTUA/status/1396950480438415371,0,,,,,,,,[],,,,
1396910435031519233,1396910435031519233,2021-05-24 15:26:15 Eastern Daylight Time,2021-05-24,15:26:15,-0400,19091173,scrowder,Steven Crowder,,One of the worst (if not the worst) governors... #whitmerbar  https://t.co/NfSU7OaiL2,en,[],[],[],73,307,1736,['whitmerbar'],[],https://twitter.com/scrowder/status/1396910435031519233,False,,1,https://pbs.twimg.com/media/E2LRedRWQAMxkOp.jpg,,,,,,,[],,,,
1396784887575814149,1396784887575814149,2021-05-24 07:07:22 Eastern Daylight Time,2021-05-24,07:07:22,-0400,19091173,scrowder,Steven Crowder,,"So now that MAINSTREAM outlets are admitting the likelihood of CoVid originating in a lab (after mocking Trump mercilessly over his claims for a year) let me ask you... If this info were available oh, say, last year... think it may have had an impact on the election?",en,[],[],[],776,4637,24692,[],[],https://twitter.com/scrowder/status/1396784887575814149,False,,0,,,,,,,,[],,,,
1396616004399206410,1396616004399206410,2021-05-23 19:56:17 Eastern Daylight Time,2021-05-23,19:56:17,-0400,19091173,scrowder,Steven Crowder,,"What does it take to get a recall, Michigan?  https://t.co/sJeCpqPfb5",en,[],[],['https://pbs.twimg.com/media/E2HG2mlWYAUjL8N.jpg'],311,2872,13548,[],[],https://twitter.com/scrowder/status/1396616004399206410,False,,1,https://pbs.twimg.com/media/E2HG2mlWYAUjL8N.jpg,,,,,,,[],,,,
1396614725039968256,1396614725039968256,2021-05-23 19:51:12 Eastern Daylight Time,2021-05-23,19:51:12,-0400,19091173,scrowder,Steven Crowder,,This charlatan is caught violating her own rules every other week! Worst “Governor” in the country. Bar none.,en,[],[],[],140,708,4480,[],[],https://twitter.com/scrowder/status/1396614725039968256,False,https://twitter.com/BreitbartNews/status/1396550030996217861,0,,,,,,,,[],,,,
1396604324101468161,1396604324101468161,2021-05-23 19:09:53 Eastern Daylight Time,2021-05-23,19:09:53,-0400,19091173,scrowder,Steven Crowder,,"“Such censorship of mainstream voices reveals the pitfalls of allowing these platforms to determine what is legitimately fringe, not to mention truth itself.""   Link to @DailySignal @karaafrederick about my lawsuit against #YouTube   https://t.co/W2ba98xB75  https://t.co/OB7LWviA8t",en,"[{'screen_name': 'dailysignal', 'name': 'the daily signal', 'id': '2361224263'}, {'screen_name': 'karaafrederick', 'name': 'kara frederick', 'id': '769216867474866176'}]",['https://www.dailysignal.com/2021/05/20/steven-crowder-is-suing-youtube-over-vague-rules-but-its-not-just-about-him/'],['https://pbs.twimg.com/media/E2G8Ou4WQAAsFdW.jpg'],65,330,2318,['youtube'],[],https://twitter.com/scrowder/status/1396604324101468161,False,,1,https://pbs.twimg.com/media/E2G8Ou4WQAAsFdW.jpg,,,,,,,[],,,,
1396451320920428544,1396451320920428544,2021-05-23 09:01:54 Eastern Daylight Time,2021-05-23,09:01:54,-0400,19091173,scrowder,Steven Crowder,,"“People say “we need to follow the science. Well, where are your sources?”  Link below for my conversation with @michaeljknowles @realDailyWire    https://t.co/cA7y2OG3wM  https://t.co/tZ089p4KWP",en,"[{'screen_name': 'michaeljknowles', 'name': 'michael knowles', 'id': '31047836'}, {'screen_name': 'realdailywire', 'name': 'the daily wire', 'id': '4081106480'}]",['https://www.youtube.com/watch?v=HAzrKvMef-Q'],[],46,176,1234,[],[],https://twitter.com/scrowder/status/1396451320920428544,False,,1,https://pbs.twimg.com/ext_tw_video_thumb/1396451291346440197/pu/img/raMDPw6aMmu3AJDj.jpg,,,,,,,[],,,,
1396300408784445442,1396300408784445442,2021-05-22 23:02:14 Eastern Daylight Time,2021-05-22,23:02:14,-0400,19091173,scrowder,Steven Crowder,,Second “No” of the day. @theblaze    https://t.co/hVJwlf6Q6Z  https://t.co/J7oHfIKiL0,en,"[{'screen_name': 'theblaze', 'name': 'theblaze', 'id': '10774652'}]",['https://www.theblaze.com/news/christian-college-men-in-womens-showers?fbclid=IwAR2xePTmlZMnoDpeHdXD7W0LBD5K4NPBP8W8XFFct9_1Quhj_iO3h0PRqJI#toggle-gdpr'],['https://pbs.twimg.com/media/E2Cn0joWUAM9M27.jpg'],364,749,5197,[],[],https://twitter.com/scrowder/status/1396300408784445442,False,,1,https://pbs.twimg.com/media/E2Cn0joWUAM9M27.jpg,,,,,,,[],,,,
1396205610840952832,1396205610840952832,2021-05-22 16:45:32 Eastern Daylight Time,2021-05-22,16:45:32,-0400,19091173,scrowder,Steven Crowder,,Mind answering our new survey?  https://t.co/jHlkLsn1Ue,en,[],['https://www.louderwithcrowder.com/survey-youtube-may-2021'],[],156,97,803,[],[],https://twitter.com/scrowder/status/1396205610840952832,False,,0,,,,,,,,[],,,,
1396195648731598854,1396195648731598854,2021-05-22 16:05:57 Eastern Daylight Time,2021-05-22,16:05:57,-0400,19091173,scrowder,Steven Crowder,,"“This is the world’s most powerful company… and they make sure they ghost you, where people cannot find the point of view.” #YouTube",en,[],[],[],69,385,2705,['youtube'],[],https://twitter.com/scrowder/status/1396195648731598854,False,https://twitter.com/realDailyWire/status/1394452689044402176,0,,,,,,,,[],,,,
1396116922857574402,1396116922857574402,2021-05-22 10:53:07 Eastern Daylight Time,2021-05-22,10:53:07,-0400,19091173,scrowder,Steven Crowder,,no,und,[],[],[],343,210,3231,[],[],https://twitter.com/scrowder/status/1396116922857574402,False,https://twitter.com/GretaThunberg/status/1396058911325790208,0,,,,,,,,[],,,,
1395877173056135168,1395877173056135168,2021-05-21 19:00:26 Eastern Daylight Time,2021-05-21,19:00:26,-0400,19091173,scrowder,Steven Crowder,,Should people that disagree with The Left still have the right to #2a ?  (Full article here)  https://t.co/qJCEpY0jlj,en,[],['https://www.louderwithcrowder.com/david-hogg-marjorie-taylor-greene'],[],98,94,445,['2a'],[],https://twitter.com/scrowder/status/1395877173056135168,False,,0,,,,,,,,[],,,,
1395798264587247618,1395798264587247618,2021-05-21 13:46:53 Eastern Daylight Time,2021-05-21,13:46:53,-0400,19091173,scrowder,Steven Crowder,,Full interview with @JohnStossel about #230reform here:   https://t.co/p0eackFLjr  https://t.co/55FNiawrI7,en,"[{'screen_name': 'johnstossel', 'name': 'john stossel', 'id': '158769098'}]",['https://www.youtube.com/watch?v=e8aFunTscTo'],[],22,97,600,['230reform'],[],https://twitter.com/scrowder/status/1395798264587247618,False,,1,https://pbs.twimg.com/ext_tw_video_thumb/1395798241900384257/pu/img/76V4r7_dJb64jWqi.jpg,,,,,,,[],,,,
1395751066457845765,1395751066457845765,2021-05-21 10:39:20 Eastern Daylight Time,2021-05-21,10:39:20,-0400,19091173,scrowder,Steven Crowder,,Just joined #snapchat  louderwcrowder  https://t.co/w8BvMhyJmm  https://t.co/8bi13v6B5V,en,[],['https://www.snapchat.com/add/louderwcrowder'],['https://pbs.twimg.com/media/E160MrtXoAcHww0.jpg'],90,67,892,['snapchat'],[],https://twitter.com/scrowder/status/1395751066457845765,False,,1,https://pbs.twimg.com/media/E160MrtXoAcHww0.jpg,,,,,,,[],,,,
1395547725870080003,1395547725870080003,2021-05-20 21:11:20 Eastern Daylight Time,2021-05-20,21:11:20,-0400,19091173,scrowder,Steven Crowder,,"In trying to mock #DonaldTrump, the media made him look cool…  https://t.co/q5vifbaBFI",en,[],[],[],89,328,2307,['donaldtrump'],[],https://twitter.com/scrowder/status/1395547725870080003,False,,1,https://pbs.twimg.com/ext_tw_video_thumb/1395547473259765765/pu/img/5UgN56TT98tADs9F.jpg,,,,,,,[],,,,
1395500858511560711,1395500858511560711,2021-05-20 18:05:06 Eastern Daylight Time,2021-05-20,18:05:06,-0400,19091173,scrowder,Steven Crowder,,This Is The Big One: talking with @glennbeck @theblaze about my lawsuit against #YouTube. Link below:  https://t.co/Qg2OOA7DfM  https://t.co/t5VhPevPXq,en,"[{'screen_name': 'glennbeck', 'name': 'glenn beck', 'id': '17454769'}, {'screen_name': 'theblaze', 'name': 'theblaze', 'id': '10774652'}]",['https://www.facebook.com/watch/?v=229835902240175'],[],34,161,881,['youtube'],[],https://twitter.com/scrowder/status/1395500858511560711,False,,1,https://pbs.twimg.com/ext_tw_video_thumb/1395500802295451652/pu/img/Vz-c6g2oE-DxZ75A.jpg,,,,,,,[],,,,
1395462305421332486,1395462305421332486,2021-05-20 15:31:54 Eastern Daylight Time,2021-05-20,15:31:54,-0400,19091173,scrowder,Steven Crowder,,"My favorite Martin Bashir moment ever.  In which one of my early mentors, Andrew Breitbart teaches the course on how to handle dishonest, slanted, leftist journalists.  https://t.co/YYM4bN6rJ3  RIP.",en,[],['https://youtu.be/z5-S3RRfgyo'],[],35,101,672,[],[],https://twitter.com/scrowder/status/1395462305421332486,False,,0,,,,,,,,[],,,,
1395444051244109827,1395444051244109827,2021-05-20 14:19:22 Eastern Daylight Time,2021-05-20,14:19:22,-0400,19091173,scrowder,Steven Crowder,,"Religion, ethnicity and culture: a conversation about defining ""Jewish"".  https://t.co/mQoIsS1WUM",en,[],[],[],54,107,664,[],[],https://twitter.com/scrowder/status/1395444051244109827,False,,1,https://pbs.twimg.com/media/E12X62xWUAApaPK.jpg,,,,,,,[],,,,
1395384539141361669,1395384539141361669,2021-05-20 10:22:53 Eastern Daylight Time,2021-05-20,10:22:53,-0400,19091173,scrowder,Steven Crowder,,"""Follow the science!"" really means ""Follow the #Fauci!""",en,[],[],[],161,414,4830,['fauci'],[],https://twitter.com/scrowder/status/1395384539141361669,False,,0,,,,,,,,[],,,,
1395339970861223942,1395339970861223942,2021-05-20 07:25:47 Eastern Daylight Time,2021-05-20,07:25:47,-0400,19091173,scrowder,Steven Crowder,,Can confirm that it is not within 100 yards of an elementary and/or high school.,en,[],[],[],25,50,923,[],[],https://twitter.com/scrowder/status/1395339970861223942,False,https://twitter.com/LandauDave/status/1395200525008871424,0,,,,,,,,[],,,,
1395164184296529922,1395164184296529922,2021-05-19 19:47:17 Eastern Daylight Time,2021-05-19,19:47:17,-0400,19091173,scrowder,Steven Crowder,,"Trevor Noah is wrong! Mug Club, you saw the full show this morning and we will be back tomorrow at 10AM with a new Live show.  Here’s a clip in case you missed it ▶️ • • • #IsraelUnderFire #IsraelPalestineconflict #hamas #trevornoah #british #colonialism #Israel #Lwc  https://t.co/Nx6vismrO6",en,[],[],[],77,163,1008,"['israelunderfire', 'israelpalestineconflict', 'hamas', 'trevornoah', 'british', 'colonialism', 'israel', 'lwc']",[],https://twitter.com/scrowder/status/1395164184296529922,False,,1,https://pbs.twimg.com/ext_tw_video_thumb/1395163687120478210/pu/img/mzIeV5yW87oNbT7I.jpg,,,,,,,[],,,,
1395119199492657155,1395119199492657155,2021-05-19 16:48:31 Eastern Daylight Time,2021-05-19,16:48:31,-0400,19091173,scrowder,Steven Crowder,,Thanks for fighting the fight.,en,[],[],[],53,210,2153,[],[],https://twitter.com/scrowder/status/1395119199492657155,False,https://twitter.com/TheQuartering/status/1395117920674586628,0,,,,,,,,[],,,,
1395115123568779270,1395115123568779270,2021-05-19 16:32:20 Eastern Daylight Time,2021-05-19,16:32:20,-0400,19091173,scrowder,Steven Crowder,,"How about this. Dems get a full “January 6th Commission” when America gets a “Black Lives Matter Billion Dollar Riots Commission.”  If it’s not politics, I’d take that deal TOMORROW.  Fair?",en,[],[],[],128,967,6442,[],[],https://twitter.com/scrowder/status/1395115123568779270,False,,0,,,,,,,,[],,,,
1395098604344430596,1395098604344430596,2021-05-19 15:26:41 Eastern Daylight Time,2021-05-19,15:26:41,-0400,19091173,scrowder,Steven Crowder,,"This week, Biden already threatened to run over a reporter with his car, called the Coast Guard a “dull class” and quoted Mao verbatim... and it’s not even Thursday.  And these are his MOST endearing qualities.",en,[],[],[],468,4781,22851,[],[],https://twitter.com/scrowder/status/1395098604344430596,False,,0,,,,,,,,[],,,,
1395095041203482629,1395095041203482629,2021-05-19 15:12:32 Eastern Daylight Time,2021-05-19,15:12:32,-0400,19091173,scrowder,Steven Crowder,,Oh damn you’re a “White House Reporter” for Bloomberg.  Any reason you made ZERO mention of this?  https://t.co/uNRAXlSPVP,en,[],[],[],67,160,1004,[],[],https://twitter.com/scrowder/status/1395095041203482629,False,https://twitter.com/josh_wingrove/status/1395054261306802178,1,https://pbs.twimg.com/amplify_video_thumb/1395049980084248578/img/d_mD8cS0w0XZGOks.jpg,,,,,,,[],,,,
1395057961345691649,1395057961345691649,2021-05-19 12:45:11 Eastern Daylight Time,2021-05-19,12:45:11,-0400,19091173,scrowder,Steven Crowder,,A Mug Club subscriber (Dani with an “I”) just caught this while we were on air. Is that...a second steering wheel!?   And join us on #mugclub Live Monday-Thursday at 10am EST. #joebiden #formervicepresidentbiden #cnn #gothere #fordpickup #electricvehicle #LouderwithCrowder  #F150  https://t.co/ctSMeFc9Mt,en,[],[],['https://pbs.twimg.com/media/E1w90o5XsAUjKqL.jpg'],272,504,2437,"['mugclub', 'joebiden', 'formervicepresidentbiden', 'cnn', 'gothere', 'fordpickup', 'electricvehicle', 'louderwithcrowder', 'f150']",[],https://twitter.com/scrowder/status/1395057961345691649,False,https://twitter.com/CNN/status/1394801507019669507,1,https://pbs.twimg.com/media/E1w90o5XsAUjKqL.jpg,,,,,,,[],,,,
1394825595637350401,1394825595637350401,2021-05-18 21:21:51 Eastern Daylight Time,2021-05-18,21:21:51,-0400,19091173,scrowder,Steven Crowder,,"You asked for it, you got it! New drop tonight: limited edition Fight Like Hell shirt, as seen on the show! • • • #louderwithcrowder #lwc #stevencrowder #mugclub #podcast #newmerch #merchdrop #fightlikehell   https://t.co/x0VTfms8yS",en,[],['https://crowdershop.com/limited-edition-fight-like-hell-tee/'],[],48,88,677,"['louderwithcrowder', 'lwc', 'stevencrowder', 'mugclub', 'podcast', 'newmerch', 'merchdrop', 'fightlikehell']",[],https://twitter.com/scrowder/status/1394825595637350401,False,,0,,,,,,,,[],,,,
1394771586578796545,1394771586578796545,2021-05-18 17:47:14 Eastern Daylight Time,2021-05-18,17:47:14,-0400,19091173,scrowder,Steven Crowder,,You misspelled “mandates” and “right to bear arms.”,en,[],[],[],85,465,4692,[],[],https://twitter.com/scrowder/status/1394771586578796545,False,https://twitter.com/atrupar/status/1394717437862555652,0,,,,,,,,[],,,,
1394718440779390977,1394718440779390977,2021-05-18 14:16:03 Eastern Daylight Time,2021-05-18,14:16:03,-0400,19091173,scrowder,Steven Crowder,,“Want” in one hand...,en,[],[],[],60,115,1713,[],[],https://twitter.com/scrowder/status/1394718440779390977,False,https://twitter.com/MikeDrucker/status/1394460337685114880,0,,,,,,,,[],,,,
1394718005880369155,1394718005880369155,2021-05-18 14:14:19 Eastern Daylight Time,2021-05-18,14:14:19,-0400,19091173,scrowder,Steven Crowder,,"Charles Grodin was about as good as a deadpan comedic actor gets.  Not only that, I defy you to find me ONE interview where he is anything less than razor sharp.  A great one. RIP",en,[],[],[],89,131,2184,[],[],https://twitter.com/scrowder/status/1394718005880369155,False,,0,,,,,,,,[],,,,
1394710025541664770,1394710025541664770,2021-05-18 13:42:37 Eastern Daylight Time,2021-05-18,13:42:37,-0400,19091173,scrowder,Steven Crowder,,Click for @Timcast ‘s thoughts    https://t.co/fl0YsHKEvx  #louderwithcrowder #lwc #stevencrowder #conservativepolitics #conservativenews #mugclub #morningmotivation #podcast #timcast  https://t.co/gQWvDDbB0K,en,"[{'screen_name': 'timcast', 'name': 'tim pool', 'id': '27000730'}]",['https://m.youtube.com/watch?v=qLUVkjKDhYA&feature=youtu.be'],['https://pbs.twimg.com/media/E1sBYEjXoAIfo07.jpg'],35,114,788,"['louderwithcrowder', 'lwc', 'stevencrowder', 'conservativepolitics', 'conservativenews', 'mugclub', 'morningmotivation', 'podcast', 'timcast']",[],https://twitter.com/scrowder/status/1394710025541664770,False,,1,https://pbs.twimg.com/media/E1sBYEjXoAIfo07.jpg,,,,,,,[],,,,
1394666219542761472,1394666219542761472,2021-05-18 10:48:33 Eastern Daylight Time,2021-05-18,10:48:33,-0400,19091173,scrowder,Steven Crowder,, https://t.co/a3PqdmB6DG,und,[],[],['https://pbs.twimg.com/media/E1rZfCPUcAAjAKz.jpg'],65,48,826,[],[],https://twitter.com/scrowder/status/1394666219542761472,False,https://twitter.com/DeniseT44223554/status/1394665714854899720,1,https://pbs.twimg.com/media/E1rZfCPUcAAjAKz.jpg,,,,,,,[],,,,
1394377149449187328,1394377149449187328,2021-05-17 15:39:53 Eastern Daylight Time,2021-05-17,15:39:53,-0400,19091173,scrowder,Steven Crowder,,Louder with Crowder LLC through its lawyer gave a legal notice to YouTube of the intent to file a lawsuit and seek an injunction. Press play ▶️ Full video on IG. • • • #lowderwithcrowder  #MondayMotivaton  #mondaythoughts  #lwc  #BigTech  #censorship #fightlikehell #youtube  https://t.co/1vSeoS3CXo,en,[],[],[],376,754,3867,"['lowderwithcrowder', 'mondaymotivaton', 'mondaythoughts', 'lwc', 'bigtech', 'censorship', 'fightlikehell', 'youtube']",[],https://twitter.com/scrowder/status/1394377149449187328,False,,1,https://pbs.twimg.com/ext_tw_video_thumb/1394377077420445697/pu/img/F-rUS-MxsgLVSxg5.jpg,,,,,,,[],,,,
1393617350247735298,1393617350247735298,2021-05-15 13:20:43 Eastern Daylight Time,2021-05-15,13:20:43,-0400,19091173,scrowder,Steven Crowder,,One side issues PRE-strike warnings to civilians before attacking a known Hamas intelligence target to avoid collateral damage. The other deliberately launches rockets into known civilian areas to inflict maximum collateral damage.,en,[],[],[],224,712,3583,[],[],https://twitter.com/scrowder/status/1393617350247735298,False,https://twitter.com/AJEnglish/status/1393532886679228416,0,,,,,,,,[],,,,
1393615869192900612,1393615869192900612,2021-05-15 13:14:50 Eastern Daylight Time,2021-05-15,13:14:50,-0400,19091173,scrowder,Steven Crowder,,"“Fights back”?! Your video literally shows rockets being fired, with intent, into known civilian areas to inflict as many innocent casualties as possible.  And @Twitter bans President Trump...",en,"[{'screen_name': 'twitter', 'name': 'twitter', 'id': '783214'}]",[],[],119,637,3748,[],[],https://twitter.com/scrowder/status/1393615869192900612,False,https://twitter.com/ZaidZamanHamid/status/1393443422745280516,0,,,,,,,,[],,,,
1393615206501265423,1393615206501265423,2021-05-15 13:12:12 Eastern Daylight Time,2021-05-15,13:12:12,-0400,19091173,scrowder,Steven Crowder,,"Big announcements, and the fight of our life coming Monday...",en,[],[],[],589,1621,20226,[],[],https://twitter.com/scrowder/status/1393615206501265423,False,,0,,,,,,,,[],,,,
1393172396803305477,1393172396803305477,2021-05-14 07:52:37 Eastern Daylight Time,2021-05-14,07:52:37,-0400,19091173,scrowder,Steven Crowder,,APOLOGIZE FOR WHAT?!,en,[],[],[],648,844,15785,[],[],https://twitter.com/scrowder/status/1393172396803305477,False,,0,,,,,,,,[],,,,
1392963559894704139,1392963559894704139,2021-05-13 18:02:47 Eastern Daylight Time,2021-05-13,18:02:47,-0400,19091173,scrowder,Steven Crowder,,... so you want “masks” to remain as a political fixture... indefinitely?,en,[],[],[],126,276,3019,[],[],https://twitter.com/scrowder/status/1392963559894704139,False,https://twitter.com/wendyluwrites/status/1392935233058746369,0,,,,,,,,[],,,,
1392808098277036037,1392808098277036037,2021-05-13 07:45:02 Eastern Daylight Time,2021-05-13,07:45:02,-0400,19091173,scrowder,Steven Crowder,,"“Yet little sleep, a little slumber, a little folding of the hands to sleep: so shall thy poverty come as one that travelleth; and thy want as an armed man.” Proverbs 24:30 #NOBODYWANTSTOWORKANYMORE",en,[],[],[],188,186,1825,['nobodywantstoworkanymore'],[],https://twitter.com/scrowder/status/1392808098277036037,False,,0,,,,,,,,[],,,,
1392807027680948230,1392807027680948230,2021-05-13 07:40:47 Eastern Daylight Time,2021-05-13,07:40:47,-0400,19091173,scrowder,Steven Crowder,,"“Trading hours of their life to “earn” necessities” is the DEFINITION of work.  There are TWO things productive members of society most avail to the world: 1. Your time 2. Quantifiable value added.  Both can be measured. If you provide neither, you deserve nothing.",en,[],[],[],97,216,1710,[],[],https://twitter.com/scrowder/status/1392807027680948230,False,https://twitter.com/plsleaveamsg/status/1392589155008401412,0,,,,,,,,[],,,,
1392805449326596096,1392805449326596096,2021-05-13 07:34:30 Eastern Daylight Time,2021-05-13,07:34:30,-0400,19091173,scrowder,Steven Crowder,,"“WE ARE CLOSED” trend is filled with entitled crybabies.  There is a greater job surplus than at any point in modern American history, a HUGE portion of which pay far more than $15/hr.  If you think that plumbing, welding and carpentry is beneath you, you get nothing.",en,[],[],[],1234,1695,13761,[],[],https://twitter.com/scrowder/status/1392805449326596096,False,,0,,,,,,,,[],,,,
1392610671611817987,1392610671611817987,2021-05-12 18:40:32 Eastern Daylight Time,2021-05-12,18:40:32,-0400,19091173,scrowder,Steven Crowder,,Both inflation and gas prices are at a twelve year high.  There is more conflict in the Middle East than in the last 4 years and we had the worst jobs report of the last 5 years...  https://t.co/iTMrZsVz3e,en,[],[],['https://pbs.twimg.com/tweet_video_thumb/E1OMBjRXIAIZdvW.jpg'],339,2182,11820,[],[],https://twitter.com/scrowder/status/1392610671611817987,False,,1,https://pbs.twimg.com/tweet_video_thumb/E1OMBjRXIAIZdvW.jpg,,,,,,,[],,,,
1392489139803590660,1392489139803590660,2021-05-12 10:37:36 Eastern Daylight Time,2021-05-12,10:37:36,-0400,19091173,scrowder,Steven Crowder,,"Why no live show today, you ask? Ah. Well YouTube hit our channel with a second hard strike, saying we violated their harassment guidelines. Which is interesting when you consider all the harassment YouTube allows if it comes from the left...  https://t.co/VDAEM2tP3m",en,[],[],[],941,1577,6780,[],[],https://twitter.com/scrowder/status/1392489139803590660,False,,1,https://pbs.twimg.com/amplify_video_thumb/1392487723479433218/img/8ik_HUVCMtDKOBkH.jpg,,,,,,,[],,,,
1392485020237926402,1392485020237926402,2021-05-12 10:21:14 Eastern Daylight Time,2021-05-12,10:21:14,-0400,19091173,scrowder,Steven Crowder,,YouTube Suspends LWC AGAIN! Applies Second Hard Strike on Channel  https://t.co/4nqREWTpbS,en,[],['https://www.louderwithcrowder.com/youtube-suspends-lwc-again-applies-second-hard-strike-on-channel'],[],389,524,3352,[],[],https://twitter.com/scrowder/status/1392485020237926402,False,,0,,,,,,,,[],,,,
1392118554397339651,1392118554397339651,2021-05-11 10:05:02 Eastern Daylight Time,2021-05-11,10:05:02,-0400,19091173,scrowder,Steven Crowder,,You may be wondering where that episode is. You're in good company. If only faster upload speeds were human rights.  https://t.co/VXf8Gt7ZaY,en,[],[],['https://pbs.twimg.com/media/E1HMOSaVEAoIBSk.jpg'],193,114,2677,[],[],https://twitter.com/scrowder/status/1392118554397339651,False,,1,https://pbs.twimg.com/media/E1HMOSaVEAoIBSk.jpg,,,,,,,[],,,,
1391820311251800066,1391820255392149519,2021-05-10 14:19:55 Eastern Daylight Time,2021-05-10,14:19:55,-0400,19091173,scrowder,Steven Crowder,, https://t.co/Q6JE932eus,und,[],[],['https://pbs.twimg.com/media/E1C9MHnX0AsyJ_R.png'],71,875,7626,[],[],https://twitter.com/scrowder/status/1391820311251800066,False,,1,https://pbs.twimg.com/media/E1C9MHnX0AsyJ_R.png,,,,,,,[],,,,
1391820255392149519,1391820255392149519,2021-05-10 14:19:42 Eastern Daylight Time,2021-05-10,14:19:42,-0400,19091173,scrowder,Steven Crowder,,Fact check: FALSE!,en,[],[],[],221,1384,10076,[],[],https://twitter.com/scrowder/status/1391820255392149519,False,https://twitter.com/POTUS/status/1391812721478406144,0,,,,,,,,[],,,,
1391768204217917445,1391768204217917445,2021-05-10 10:52:52 Eastern Daylight Time,2021-05-10,10:52:52,-0400,19091173,scrowder,Steven Crowder,,POLL: Who wore the pants in the Gates relationship?,en,[],[],[],72,125,643,[],[],https://twitter.com/scrowder/status/1391768204217917445,False,,0,,,,,,,,[],,,,
1391762493953900553,1391762493953900553,2021-05-10 10:30:10 Eastern Daylight Time,2021-05-10,10:30:10,-0400,19091173,scrowder,Steven Crowder,,When was the last time SNL was anything other than terrible?,en,[],[],[],1878,673,13725,[],[],https://twitter.com/scrowder/status/1391762493953900553,False,,0,,,,,,,,[],,,,
1391756859795808262,1391756859795808262,2021-05-10 10:07:47 Eastern Daylight Time,2021-05-10,10:07:47,-0400,19091173,scrowder,Steven Crowder,,POLL: How do YOU think Elon Musk did on SNL?,en,[],[],[],133,56,453,[],[],https://twitter.com/scrowder/status/1391756859795808262,False,,0,,,,,,,,[],,,,
1391132109125861388,1391132109125861388,2021-05-08 16:45:15 Eastern Daylight Time,2021-05-08,16:45:15,-0400,19091173,scrowder,Steven Crowder,,I’m sorry to hear it. Dogs bring out the best in us. Prayers for you and the family.,en,[],[],[],284,544,14530,[],[],https://twitter.com/scrowder/status/1391132109125861388,False,https://twitter.com/BarackObama/status/1391106025269440516,0,,,,,,,,[],,,,
1390390961625198593,1390390961625198593,2021-05-06 15:40:12 Eastern Daylight Time,2021-05-06,15:40:12,-0400,19091173,scrowder,Steven Crowder,,Need something for #MothersDay? Head to the Crowdershop!  https://t.co/kpScBYUsP3,en,[],['https://crowdershop.com/shop-all/mothers-day/'],[],76,40,456,['mothersday'],[],https://twitter.com/scrowder/status/1390390961625198593,False,,0,,,,,,,,[],,,,
1390319910358761481,1390319910358761481,2021-05-06 10:57:52 Eastern Daylight Time,2021-05-06,10:57:52,-0400,19091173,scrowder,Steven Crowder,,Why do YOU think Democrats want DC to be a state? Answer in .gifs only.,en,[],[],[],5406,502,8159,[],[],https://twitter.com/scrowder/status/1390319910358761481,False,,0,,,,,,,,[],,,,
1390311648976523264,1390311648976523264,2021-05-06 10:25:02 Eastern Daylight Time,2021-05-06,10:25:02,-0400,19091173,scrowder,Steven Crowder,,"We're live, talking about Caitlyn Jenner, hate crimes against Asians, and DC statehood!",en,[],[],[],62,66,1407,[],[],https://twitter.com/scrowder/status/1390311648976523264,False,,0,,,,,,,,[],,,,
1390083637022846978,1390083637022846978,2021-05-05 19:19:00 Eastern Daylight Time,2021-05-05,19:19:00,-0400,19091173,scrowder,Steven Crowder,,"""The other side loves it when conservatives make it about politeness and decorum. But they're playing a bloodsport and we're playing tee-ball."" - @DonaldJTrumpJr held NOTHING BACK!  https://t.co/ajhPPs0seZ",en,"[{'screen_name': 'donaldjtrumpjr', 'name': 'donald trump jr.', 'id': '39344374'}]",[],[],81,208,1198,[],[],https://twitter.com/scrowder/status/1390083637022846978,False,,1,https://pbs.twimg.com/amplify_video_thumb/1389967867731447813/img/jf1EGkfCO-IxouR7.jpg,,,,,,,[],,,,
1390069625602387971,1390069625602387971,2021-05-05 18:23:19 Eastern Daylight Time,2021-05-05,18:23:19,-0400,19091173,scrowder,Steven Crowder,,The fascist mob you’ve created will someday come for you. It’s a cycle as old as time.  The thirst for censorship and control is never quenched.,en,[],[],[],281,520,4153,[],[],https://twitter.com/scrowder/status/1390069625602387971,False,https://twitter.com/mmpadellan/status/1390024670120919040,0,,,,,,,,[],,,,
1390052683160055810,1390052683160055810,2021-05-05 17:16:00 Eastern Daylight Time,2021-05-05,17:16:00,-0400,19091173,scrowder,Steven Crowder,,"""Hunter Biden's an addict but he's also a piece of garbage. Being an addict doesn't absolve you from all the billions of things you did that are terrible!"" - @DonaldJTrumpJr lights up Hunter like Hunter lights parmesan cheese.  https://t.co/1jj7hs8iUG",en,"[{'screen_name': 'donaldjtrumpjr', 'name': 'donald trump jr.', 'id': '39344374'}]",[],[],97,290,2035,[],[],https://twitter.com/scrowder/status/1390052683160055810,False,,1,https://pbs.twimg.com/amplify_video_thumb/1389972890158776323/img/X1qRpdbg7WJCz0Vc.jpg,,,,,,,[],,,,
1390018255440465923,1390018255440465923,2021-05-05 14:59:12 Eastern Daylight Time,2021-05-05,14:59:12,-0400,19091173,scrowder,Steven Crowder,,"Promise? If so, other states need to follow.",en,[],[],[],56,145,1543,[],[],https://twitter.com/scrowder/status/1390018255440465923,False,https://twitter.com/GregAbbott_TX/status/1389990242384547846,0,,,,,,,,[],,,,
1389984619437592579,1389984619437592579,2021-05-05 12:45:32 Eastern Daylight Time,2021-05-05,12:45:32,-0400,19091173,scrowder,Steven Crowder,,"""The Facebook Oversight Board holding up the Trump suspension says a lot about the powers of companies like Facebook. I imagine the board doesn't have a lot of people who share our views. It's an echo chamber of Silicon Valley."" - @DonaldJTrumpJr  https://t.co/em2Z57ZVy0",en,"[{'screen_name': 'donaldjtrumpjr', 'name': 'donald trump jr.', 'id': '39344374'}]",[],[],395,514,2205,[],[],https://twitter.com/scrowder/status/1389984619437592579,False,,1,https://pbs.twimg.com/amplify_video_thumb/1389979944382517249/img/tjq_FXNPIBHrM_2c.jpg,,,,,,,[],,,,
1389951051978010627,1389951051978010627,2021-05-05 10:32:09 Eastern Daylight Time,2021-05-05,10:32:09,-0400,19091173,scrowder,Steven Crowder,,America has gone so far so fast. Banning a sitting U.S President? If that's not a line in the sand I don't know what is.,en,[],[],[],311,1389,13489,[],[],https://twitter.com/scrowder/status/1389951051978010627,False,,0,,,,,,,,[],,,,
1389938306570391552,1389938306570391552,2021-05-05 09:41:30 Eastern Daylight Time,2021-05-05,09:41:30,-0400,19091173,scrowder,Steven Crowder,,Facebook upholds Trump's suspension. I wonder if  @DonaldJTrumpJr has anything to say about that on today's show... #DeleteFacebook  https://t.co/7fUuNzfBDx,en,"[{'screen_name': 'donaldjtrumpjr', 'name': 'donald trump jr.', 'id': '39344374'}]",[],['https://pbs.twimg.com/tweet_video_thumb/E0oM6OMXoAMSg_H.jpg'],388,493,3398,['deletefacebook'],[],https://twitter.com/scrowder/status/1389938306570391552,False,,1,https://pbs.twimg.com/tweet_video_thumb/E0oM6OMXoAMSg_H.jpg,,,,,,,[],,,,
1389898807865978882,1389898807865978882,2021-05-05 07:04:33 Eastern Daylight Time,2021-05-05,07:04:33,-0400,19091173,scrowder,Steven Crowder,,So @DonaldJTrumpJr is on the show today. Gonna be a damn good show.,en,"[{'screen_name': 'donaldjtrumpjr', 'name': 'donald trump jr.', 'id': '39344374'}]",[],[],382,1258,16885,[],[],https://twitter.com/scrowder/status/1389898807865978882,False,,0,,,,,,,,[],,,,
1389633344791629832,1389633344791629832,2021-05-04 13:29:42 Eastern Daylight Time,2021-05-04,13:29:42,-0400,19091173,scrowder,Steven Crowder,,Hahahaha.  Good luck.,tl,[],[],[],131,222,3397,[],[],https://twitter.com/scrowder/status/1389633344791629832,False,https://twitter.com/kylegriffin1/status/1389573064006922245,0,,,,,,,,[],,,,
1389601497931976713,1389601497931976713,2021-05-04 11:23:09 Eastern Daylight Time,2021-05-04,11:23:09,-0400,19091173,scrowder,Steven Crowder,,The leftist dream of a world without cops? THIS is what it looks like.  https://t.co/9fZbv83xn7,en,[],[],[],204,535,2151,[],[],https://twitter.com/scrowder/status/1389601497931976713,False,,1,https://pbs.twimg.com/amplify_video_thumb/1389598432126459904/img/X_y1UkSk8Kjqzf2S.jpg,,,,,,,[],,,,
1389600334276743169,1389600334276743169,2021-05-04 11:18:31 Eastern Daylight Time,2021-05-04,11:18:31,-0400,19091173,scrowder,Steven Crowder,,"Equity, the way educators are teaching it, does NOT ensure equality! #CriticalRaceTheory",en,[],[],[],48,151,1300,['criticalracetheory'],[],https://twitter.com/scrowder/status/1389600334276743169,False,,0,,,,,,,,[],,,,
1389599608477609990,1389599608477609990,2021-05-04 11:15:38 Eastern Daylight Time,2021-05-04,11:15:38,-0400,19091173,scrowder,Steven Crowder,,"School boards don't believe you have the right to teach your kids about sex, morality, US History, or God. They believe THEY own your kid's education. #TeacherAppreciation",en,[],[],[],127,484,3559,['teacherappreciation'],[],https://twitter.com/scrowder/status/1389599608477609990,False,,0,,,,,,,,[],,,,
1389598654764257290,1389598654764257290,2021-05-04 11:11:51 Eastern Daylight Time,2021-05-04,11:11:51,-0400,19091173,scrowder,Steven Crowder,,Being white is NOT a crime. I walk that back zero. #CriticalRaceTheory,en,[],[],[],168,471,5807,['criticalracetheory'],[],https://twitter.com/scrowder/status/1389598654764257290,False,,0,,,,,,,,[],,,,
1389582630295719938,1389582630295719938,2021-05-04 10:08:10 Eastern Daylight Time,2021-05-04,10:08:10,-0400,19091173,scrowder,Steven Crowder,,Most people are cowards.,en,[],[],[],1059,885,13008,[],[],https://twitter.com/scrowder/status/1389582630295719938,False,,0,,,,,,,,[],,,,
1389575227013668865,1389575227013668865,2021-05-04 09:38:45 Eastern Daylight Time,2021-05-04,09:38:45,-0400,19091173,scrowder,Steven Crowder,,Not all teachers deserve appreciation.  https://t.co/I4ZODdF1Xo,en,[],[],[],67,261,1704,[],[],https://twitter.com/scrowder/status/1389575227013668865,False,,1,https://pbs.twimg.com/amplify_video_thumb/1389233070616813570/img/WY1bH1-UE6xgLi-P.jpg,,,,,,,[],,,,
1389517139384709121,1389517139384709121,2021-05-04 05:47:56 Eastern Daylight Time,2021-05-04,05:47:56,-0400,19091173,scrowder,Steven Crowder,,Heartbreaking. Absolutely heartbreaking.,en,[],[],[],47,122,2015,[],[],https://twitter.com/scrowder/status/1389517139384709121,False,https://twitter.com/nytimes/status/1389469445999972354,0,,,,,,,,[],,,,
1389337354259865612,1389337354259865612,2021-05-03 17:53:32 Eastern Daylight Time,2021-05-03,17:53:32,-0400,19091173,scrowder,Steven Crowder,,"Maybe, as it relates to a free people... the CoVid positivity rate is not the only number that matters.",en,[],[],[],75,149,1881,[],[],https://twitter.com/scrowder/status/1389337354259865612,False,https://twitter.com/staceyh1970/status/1389308372835467264,0,,,,,,,,[],,,,
1389215785235718145,1389215785235718145,2021-05-03 09:50:28 Eastern Daylight Time,2021-05-03,09:50:28,-0400,19091173,scrowder,Steven Crowder,,POLL: Who do you find to be the most insufferable?,en,[],[],[],341,78,599,[],[],https://twitter.com/scrowder/status/1389215785235718145,False,,0,,,,,,,,[],,,,
1389182065384595461,1389182065384595461,2021-05-03 07:36:28 Eastern Daylight Time,2021-05-03,07:36:28,-0400,19091173,scrowder,Steven Crowder,,Bastards curling in the squat rack. I had two choices.  1) murder.  2) cardio.  The end.,en,[],[],[],223,146,4518,[],[],https://twitter.com/scrowder/status/1389182065384595461,False,,0,,,,,,,,[],,,,
1389171738844418053,1389171738844418053,2021-05-03 06:55:26 Eastern Daylight Time,2021-05-03,06:55:26,-0400,19091173,scrowder,Steven Crowder,,Early morning squats with a bunk knee.  PRO TIP: always go to the bathroom before squat day. I’ve had nightmares about that.  See you at 10AM ET!,en,[],[],[],60,44,1277,[],[],https://twitter.com/scrowder/status/1389171738844418053,False,,0,,,,,,,,[],,,,
1388144471901147140,1388144471901147140,2021-04-30 10:53:27 Eastern Daylight Time,2021-04-30,10:53:27,-0400,19091173,scrowder,Steven Crowder,,Oh so now a logical fallacy = “dismantled?” Anyone who denies that males have a physical advantage over females is a science denier. Period.,en,[],[],[],194,438,3416,[],[],https://twitter.com/scrowder/status/1388144471901147140,False,https://twitter.com/MeidasTouch/status/1388142612545036300,0,,,,,,,,[],,,,
1387762055558705156,1387762055558705156,2021-04-29 09:33:52 Eastern Daylight Time,2021-04-29,09:33:52,-0400,19091173,scrowder,Steven Crowder,,Get vaccinated or don’t. I don’t give a shit.,en,[],[],[],652,2930,29292,[],[],https://twitter.com/scrowder/status/1387762055558705156,False,,0,,,,,,,,[],,,,
1387589092150550529,1387589092150550529,2021-04-28 22:06:34 Eastern Daylight Time,2021-04-28,22:06:34,-0400,19091173,scrowder,Steven Crowder,,Immigration is not essential to America's success. But our constitutional principles ARE!,en,[],[],[],201,670,6627,[],[],https://twitter.com/scrowder/status/1387589092150550529,False,,0,,,,,,,,[],,,,
1387583814428467200,1387583814428467200,2021-04-28 21:45:36 Eastern Daylight Time,2021-04-28,21:45:36,-0400,19091173,scrowder,Steven Crowder,,This #JointSession is a bully holding you upside down and shaking out all your change.,en,[],[],[],92,262,2237,['jointsession'],[],https://twitter.com/scrowder/status/1387583814428467200,False,,0,,,,,,,,[],,,,
1387580799126491137,1387580799126491137,2021-04-28 21:33:37 Eastern Daylight Time,2021-04-28,21:33:37,-0400,19091173,scrowder,Steven Crowder,,What is Nancy Pelosi thinking? Answer with GIFS ONLY! #CrowderBidenStream #JointSession,en,[],[],[],2984,284,4382,"['crowderbidenstream', 'jointsession']",[],https://twitter.com/scrowder/status/1387580799126491137,False,,0,,,,,,,,[],,,,
1387577966973042690,1387577966973042690,2021-04-28 21:22:21 Eastern Daylight Time,2021-04-28,21:22:21,-0400,19091173,scrowder,Steven Crowder,,LwC exclusive: we've obtained footage of Biden prepping for tonight's #JointSession  https://t.co/mZ3wf9GLPM,en,[],[],[],41,147,952,['jointsession'],[],https://twitter.com/scrowder/status/1387577966973042690,False,,1,https://pbs.twimg.com/amplify_video_thumb/1387573818189811713/img/EGDXfAONlvb0vsFr.jpg,,,,,,,[],,,,
1387570395549741058,1387570395549741058,2021-04-28 20:52:16 Eastern Daylight Time,2021-04-28,20:52:16,-0400,19091173,scrowder,Steven Crowder,,Time to have some fun... #CrowderBidenStream,en,[],[],[],109,180,2103,['crowderbidenstream'],[],https://twitter.com/scrowder/status/1387570395549741058,False,,0,,,,,,,,[],,,,
1387527462582685702,1387527462582685702,2021-04-28 18:01:40 Eastern Daylight Time,2021-04-28,18:01:40,-0400,19091173,scrowder,Steven Crowder,,Prepare thy livers! Here are tonight's DRINKING GAME RULES if you want to play along while we watch Biden's address to Congress! See you at 8:45 PM ET!  https://t.co/qSsBjgpT20,en,[],[],['https://pbs.twimg.com/media/E0F80l8WQAQv9lp.jpg'],283,441,3096,[],[],https://twitter.com/scrowder/status/1387527462582685702,False,,1,https://pbs.twimg.com/media/E0F80l8WQAQv9lp.jpg,,,,,,,[],,,,
1387439611438321674,1387439611438321674,2021-04-28 12:12:35 Eastern Daylight Time,2021-04-28,12:12:35,-0400,19091173,scrowder,Steven Crowder,,What do YOU think Joe Biden will address in his joint session of Congress? Wrong answers only.,en,[],[],[],3002,286,5268,[],[],https://twitter.com/scrowder/status/1387439611438321674,False,,0,,,,,,,,[],,,,
1387400115435016193,1387400115435016193,2021-04-28 09:35:38 Eastern Daylight Time,2021-04-28,09:35:38,-0400,19091173,scrowder,Steven Crowder,,POLL: How many masks will Joe Biden wear entering his joint session of Congress tonight?,en,[],[],[],146,222,1145,[],[],https://twitter.com/scrowder/status/1387400115435016193,False,,0,,,,,,,,[],,,,
1387177727027990531,1387177727027990531,2021-04-27 18:51:57 Eastern Daylight Time,2021-04-27,18:51:57,-0400,19091173,scrowder,Steven Crowder,,"There is nothing inaccurate, out of line or even remotely radical about Joe Rogan’s statements.",en,[],[],[],483,2459,16599,[],[],https://twitter.com/scrowder/status/1387177727027990531,False,https://twitter.com/AlexPattyy/status/1387077145156063234,0,,,,,,,,[],,,,
1387080255274369027,1387080255274369027,2021-04-27 12:24:38 Eastern Daylight Time,2021-04-27,12:24:38,-0400,19091173,scrowder,Steven Crowder,,The ONLY solutions from the left as it relates to big tech and the current media landscape involves banning or censoring. Always.,en,[],[],[],118,226,2194,[],[],https://twitter.com/scrowder/status/1387080255274369027,False,https://twitter.com/mmpadellan/status/1387026502194278400,0,,,,,,,,[],,,,
1387045646792757249,1387045646792757249,2021-04-27 10:07:06 Eastern Daylight Time,2021-04-27,10:07:06,-0400,19091173,scrowder,Steven Crowder,,"We have a very special guest this morning, ""Jerry Seinfeld!""",en,[],[],[],113,133,4155,[],[],https://twitter.com/scrowder/status/1387045646792757249,False,,0,,,,,,,,[],,,,
1387023033655779329,1387023033655779329,2021-04-27 08:37:15 Eastern Daylight Time,2021-04-27,08:37:15,-0400,19091173,scrowder,Steven Crowder,,"Why don’t cops “shoot the leg??”  Well today, we run a controlled experiment, mimicking recent police shootings with precision paintball guns. Hold onto your butts... 10AM ET!",en,[],[],[],173,505,6395,[],[],https://twitter.com/scrowder/status/1387023033655779329,False,,0,,,,,,,,[],,,,
1386965331789459457,1386965331789459457,2021-04-27 04:47:58 Eastern Daylight Time,2021-04-27,04:47:58,-0400,19091173,scrowder,Steven Crowder,,Cant sleep. Clown’ll eat me.,en,[],[],[],282,163,4180,[],[],https://twitter.com/scrowder/status/1386965331789459457,False,,0,,,,,,,,[],,,,
1386787041447456769,1386787041447456769,2021-04-26 16:59:30 Eastern Daylight Time,2021-04-26,16:59:30,-0400,19091173,scrowder,Steven Crowder,,"Told you. Go woke, go broke.  https://t.co/wGuQnlAITI  https://t.co/onjSVmNoPm",en,[],['https://deadline.com/2021/04/2021-0scars-tv-ratings-academy-awards-low-abc-disney-1234744135/'],['https://pbs.twimg.com/media/Ez7bduQWQAIjiuT.jpg'],129,558,7127,[],[],https://twitter.com/scrowder/status/1386787041447456769,False,,1,https://pbs.twimg.com/media/Ez7bduQWQAIjiuT.jpg,,,,,,,[],,,,
1386348949435342849,1386348949435342849,2021-04-25 11:58:41 Eastern Daylight Time,2021-04-25,11:58:41,-0400,19091173,scrowder,Steven Crowder,,"For the first time in over half a decade, we won’t be live-streaming the #Oscars.  Why? It’s a non-show broadcast from a train station featuring films no one has seen or cared about.  Expect a HUUUUUGE drop in viewership this year.",en,[],[],[],359,617,8850,['oscars'],[],https://twitter.com/scrowder/status/1386348949435342849,False,,0,,,,,,,,[],,,,
1385595241277759490,1385595241277759490,2021-04-23 10:03:43 Eastern Daylight Time,2021-04-23,10:03:43,-0400,19091173,scrowder,Steven Crowder,,"Wait... I pay corporate, payroll, property, income and sales taxes... then if I choose to invest what remains in American businesses and the economy, I’ll be taxed on it again (amidst the rampant effective tax that is inflation)... I now work for the Government.",en,[],[],[],594,3275,19896,[],[],https://twitter.com/scrowder/status/1385595241277759490,False,,0,,,,,,,,[],,,,
1385377902108237829,1385377902108237829,2021-04-22 19:40:05 Eastern Daylight Time,2021-04-22,19:40:05,-0400,19091173,scrowder,Steven Crowder,,Much better to endanger an innocent civilian via stray bullet than to aim it squarely at the attempted murderess.,en,[],[],[],394,640,6254,[],[],https://twitter.com/scrowder/status/1385377902108237829,False,https://twitter.com/realDailyWire/status/1385346698524852226,0,,,,,,,,[],,,,
1385358496166785029,1385358496166785029,2021-04-22 18:22:58 Eastern Daylight Time,2021-04-22,18:22:58,-0400,19091173,scrowder,Steven Crowder,,"Hahahaha. This is a rare instance, where it is quantifiably perceptible, in REAL time, that Juan Williams realizes the words coming out of his mouth are stupid.",en,[],[],[],477,902,6672,[],[],https://twitter.com/scrowder/status/1385358496166785029,False,https://twitter.com/DailyCaller/status/1385342208845484035,0,,,,,,,,[],,,,
1385345211962953730,1385345211962953730,2021-04-22 17:30:11 Eastern Daylight Time,2021-04-22,17:30:11,-0400,19091173,scrowder,Steven Crowder,,#UFC261's @GamebredFighter shares how Jake Paul would match up against a real fighter. HINT: Paul might need to eat through a straw...  https://t.co/EIgcNSgs7G,en,"[{'screen_name': 'gamebredfighter', 'name': 'jorge masvidal ufc', 'id': '242960383'}]",[],[],35,77,812,['ufc261'],[],https://twitter.com/scrowder/status/1385345211962953730,False,,1,https://pbs.twimg.com/amplify_video_thumb/1385271129158283279/img/JPeGOEygKdLA8hel.jpg,,,,,,,[],,,,
1385343902723428352,1385343902723428352,2021-04-22 17:24:59 Eastern Daylight Time,2021-04-22,17:24:59,-0400,19091173,scrowder,Steven Crowder,,"Today, I got an exclusive with Jorge Masvidal. He said “Kamaru Usman hits like a bitch” #UFC261 WATCH:  https://t.co/vYSdfpV8nD",en,[],['https://youtu.be/LmxBarkSxfA'],[],34,39,492,['ufc261'],[],https://twitter.com/scrowder/status/1385343902723428352,False,,0,,,,,,,,[],,,,
1385257253805101063,1385257253805101063,2021-04-22 11:40:40 Eastern Daylight Time,2021-04-22,11:40:40,-0400,19091173,scrowder,Steven Crowder,,We can't find common ground based on a lie. #FatPride is based on a lie.  https://t.co/Ni0HQvh1n0,en,[],[],[],89,151,1257,['fatpride'],[],https://twitter.com/scrowder/status/1385257253805101063,False,,1,https://pbs.twimg.com/amplify_video_thumb/1385246613828820993/img/2JtG8clwBHG_apIn.jpg,,,,,,,[],,,,
1385236581133561858,1385236581133561858,2021-04-22 10:18:32 Eastern Daylight Time,2021-04-22,10:18:32,-0400,19091173,scrowder,Steven Crowder,,How much longer before media dies out due to their own illegitimacy?,en,[],[],[],1137,1386,16982,[],[],https://twitter.com/scrowder/status/1385236581133561858,False,,0,,,,,,,,[],,,,
1385228243955949571,1385228243955949571,2021-04-22 09:45:24 Eastern Daylight Time,2021-04-22,09:45:24,-0400,19091173,scrowder,Steven Crowder,,"We have a VERY special guest today, ""Eric Nelson""!",en,[],[],[],50,52,1369,[],[],https://twitter.com/scrowder/status/1385228243955949571,False,,0,,,,,,,,[],,,,
1385201719055953924,1385201719055953924,2021-04-22 08:00:00 Eastern Daylight Time,2021-04-22,08:00:00,-0400,19091173,scrowder,Steven Crowder,,People are saying #UFC261 could be the biggest PPV ever. Guess whose show @GamebredFighter will be on this morning?  https://t.co/1Wmbcs6T3P,en,"[{'screen_name': 'gamebredfighter', 'name': 'jorge masvidal ufc', 'id': '242960383'}]",[],['https://pbs.twimg.com/tweet_video_thumb/EzkePzMWQAENo-F.jpg'],62,64,1069,['ufc261'],[],https://twitter.com/scrowder/status/1385201719055953924,False,,1,https://pbs.twimg.com/tweet_video_thumb/EzkePzMWQAENo-F.jpg,,,,,,,[],,,,
1385165941323943942,1385165941323943942,2021-04-22 05:37:50 Eastern Daylight Time,2021-04-22,05:37:50,-0400,19091173,scrowder,Steven Crowder,,"When I have @GamebredFighter on the show, I wake up pumped. Anything can happen.",en,"[{'screen_name': 'gamebredfighter', 'name': 'jorge masvidal ufc', 'id': '242960383'}]",[],[],57,108,2749,[],[],https://twitter.com/scrowder/status/1385165941323943942,False,,0,,,,,,,,[],,,,
1384981602145427463,1384981602145427463,2021-04-21 17:25:20 Eastern Daylight Time,2021-04-21,17:25:20,-0400,19091173,scrowder,Steven Crowder,,Sounds like you’ve made some bad decisions!,en,[],[],[],117,211,2988,[],[],https://twitter.com/scrowder/status/1384981602145427463,False,https://twitter.com/lanikaps/status/1384968875738030086,0,,,,,,,,[],,,,
1384972416896618500,1384972416896618500,2021-04-21 16:48:50 Eastern Daylight Time,2021-04-21,16:48:50,-0400,19091173,scrowder,Steven Crowder,,And for saving a black girl’s life.,en,[],[],[],108,496,5645,[],[],https://twitter.com/scrowder/status/1384972416896618500,False,https://twitter.com/michaeljknowles/status/1384942347457282052,0,,,,,,,,[],,,,
1384938108412735495,1384938108412735495,2021-04-21 14:32:30 Eastern Daylight Time,2021-04-21,14:32:30,-0400,19091173,scrowder,Steven Crowder,,Ummm obese people are healthy and beautiful too.  #FatPhobic,en,[],[],[],85,101,1751,['fatphobic'],[],https://twitter.com/scrowder/status/1384938108412735495,False,https://twitter.com/jeremynewberger/status/1384859035523076096,0,,,,,,,,[],,,,
1384929939401547786,1384929939401547786,2021-04-21 14:00:02 Eastern Daylight Time,2021-04-21,14:00:02,-0400,19091173,scrowder,Steven Crowder,,I heard Greg Gutfeld's comments in their full context. What he said is true. And THAT is part of the problem.  https://t.co/r8Nep1oY4v,en,[],[],[],63,122,1019,[],[],https://twitter.com/scrowder/status/1384929939401547786,False,,1,https://pbs.twimg.com/amplify_video_thumb/1384890379619561484/img/zdIAaompKHOcyL5j.jpg,,,,,,,[],,,,
1384904415979708416,1384904415979708416,2021-04-21 12:18:37 Eastern Daylight Time,2021-04-21,12:18:37,-0400,19091173,scrowder,Steven Crowder,,Police made a MISTAKE releasing the #makhiabryant footage. You should NEVER give in to the mob.  https://t.co/GxVhROx1w1,en,[],[],[],193,222,1700,['makhiabryant'],[],https://twitter.com/scrowder/status/1384904415979708416,False,,1,https://pbs.twimg.com/amplify_video_thumb/1384894313042042881/img/lAHb1wXvH5sR_w0L.jpg,,,,,,,[],,,,
1384879821025685525,1384879821025685525,2021-04-21 10:40:53 Eastern Daylight Time,2021-04-21,10:40:53,-0400,19091173,scrowder,Steven Crowder,,"Nancy Pelosi managed to even piss off the left. And, actually, they have a point...  https://t.co/KhyGMd2LoU",en,[],[],[],82,269,1799,[],[],https://twitter.com/scrowder/status/1384879821025685525,False,,1,https://pbs.twimg.com/amplify_video_thumb/1384878216574160897/img/213mMegHCNLNmCx2.jpg,,,,,,,[],,,,
1384875948747669512,1384875948747669512,2021-04-21 10:25:30 Eastern Daylight Time,2021-04-21,10:25:30,-0400,19091173,scrowder,Steven Crowder,,What do YOU think are the most valid grounds for a #DerekChauvin mistrial?,en,[],[],[],1829,265,4499,['derekchauvin'],[],https://twitter.com/scrowder/status/1384875948747669512,False,,0,,,,,,,,[],,,,
1384870641459810310,1384870641459810310,2021-04-21 10:04:25 Eastern Daylight Time,2021-04-21,10:04:25,-0400,19091173,scrowder,Steven Crowder,,"Running late, getting some new info about the Columbus shooting. See you at 10:15!",en,[],[],[],55,59,1528,[],[],https://twitter.com/scrowder/status/1384870641459810310,False,,0,,,,,,,,[],,,,
1384847869572755460,1384847869572755460,2021-04-21 08:33:55 Eastern Daylight Time,2021-04-21,08:33:55,-0400,19091173,scrowder,Steven Crowder,,#MakhiaBryant situation is proof positive that facts don’t matter to the mob. She was MID-FUCKING-STAB when she was rightfully shot by police. This morning’s show will NOT be for the faint of heart. 10AM ET. #Lwac,en,[],[],[],756,2088,14412,"['makhiabryant', 'lwac']",[],https://twitter.com/scrowder/status/1384847869572755460,False,,0,,,,,,,,[],,,,
1384667932634976261,1384667932634976261,2021-04-20 20:38:55 Eastern Daylight Time,2021-04-20,20:38:55,-0400,19091173,scrowder,Steven Crowder,,"A LOT to say about Chauvin/George Floyd verdict. Combing through the info, and will go through it all tomorrow. 10AM ET. #LwC",en,[],[],[],251,264,4796,['lwc'],[],https://twitter.com/scrowder/status/1384667932634976261,False,,0,,,,,,,,[],,,,
1384646309366296582,1384646309366296582,2021-04-20 19:13:00 Eastern Daylight Time,2021-04-20,19:13:00,-0400,19091173,scrowder,Steven Crowder,,Context matters. Sorry if that spoils your quest to find racism in every facet of everything. Full #ChangeMyMind episode =&gt;  https://t.co/6cYufRQXhP  https://t.co/REi9Eyc2od,en,[],['https://www.youtube.com/watch?v=5gBQoyWHwuc&t=1s'],[],135,243,1895,['changemymind'],[],https://twitter.com/scrowder/status/1384646309366296582,False,,1,https://pbs.twimg.com/amplify_video_thumb/1384494944337874947/img/9snlM5NGVUor4YL-.jpg,,,,,,,[],,,,
1384639638803869703,1384639638803869703,2021-04-20 18:46:29 Eastern Daylight Time,2021-04-20,18:46:29,-0400,19091173,scrowder,Steven Crowder,,Appeasing the mob is futile.,en,[],[],[],191,268,2654,[],[],https://twitter.com/scrowder/status/1384639638803869703,False,https://twitter.com/Chappells_Show/status/1384615734844608512,0,,,,,,,,[],,,,
1384624186623021061,1384624186623021061,2021-04-20 17:45:05 Eastern Daylight Time,2021-04-20,17:45:05,-0400,19091173,scrowder,Steven Crowder,,"See. It was never about #JusticeForGeorgeFloyd. To everyone out there, stay safe.  https://t.co/sBP3Ogv3C4",en,[],[],['https://pbs.twimg.com/media/EzcsXAJVoAMpwL_.jpg'],397,1183,6357,['justiceforgeorgefloyd'],[],https://twitter.com/scrowder/status/1384624186623021061,False,,1,https://pbs.twimg.com/media/EzcsXAJVoAMpwL_.jpg,,,,,,,[],,,,
1384623714331873280,1384623714331873280,2021-04-20 17:43:13 Eastern Daylight Time,2021-04-20,17:43:13,-0400,19091173,scrowder,Steven Crowder,,... aaaand the message received.,en,[],[],[],160,440,3645,[],[],https://twitter.com/scrowder/status/1384623714331873280,False,https://twitter.com/Natural_OneDurr/status/1384616369363238912,0,,,,,,,,[],,,,
1384617219817046017,1384617219817046017,2021-04-20 17:17:24 Eastern Daylight Time,2021-04-20,17:17:24,-0400,19091173,scrowder,Steven Crowder,,Of course there was going to be a pivot. Expect more police to quit in the coming weeks.,en,[],[],[],2519,580,5516,[],[],https://twitter.com/scrowder/status/1384617219817046017,False,https://twitter.com/OfficialMLK3/status/1384615062120419329,0,,,,,,,,[],,,,
1384585659491487747,1384585659491487747,2021-04-20 15:12:00 Eastern Daylight Time,2021-04-20,15:12:00,-0400,19091173,scrowder,Steven Crowder,,Wait... does requiring a voter ID actually INCREASE voter turnout? Full episode of #ChangeMyMind =&gt;  https://t.co/Lx1afV6vwv  https://t.co/iWvDPryeU5,en,[],['https://www.youtube.com/watch?v=5gBQoyWHwuc'],[],68,190,1191,['changemymind'],[],https://twitter.com/scrowder/status/1384585659491487747,False,,1,https://pbs.twimg.com/amplify_video_thumb/1384494944337817601/img/c--8nDff4BTwNTBh.jpg,,,,,,,[],,,,
1384561654348779523,1384560848555757570,2021-04-20 13:36:36 Eastern Daylight Time,2021-04-20,13:36:36,-0400,19091173,scrowder,Steven Crowder,,The first tweet sharing this video was incorrectly titled. @Courtneyscoffs has since fired herself.  https://t.co/dPXQYdhLzg,en,"[{'screen_name': 'courtneyscoffs', 'name': 'courtney kirchoff', 'id': '21262114'}]",[],['https://pbs.twimg.com/tweet_video_thumb/Ezbze9LVEAIkwTp.jpg'],7,16,474,[],[],https://twitter.com/scrowder/status/1384561654348779523,False,,1,https://pbs.twimg.com/tweet_video_thumb/Ezbze9LVEAIkwTp.jpg,,,,,,,[],,,,
1384561354342731780,1384560848555757570,2021-04-20 13:35:25 Eastern Daylight Time,2021-04-20,13:35:25,-0400,19091173,scrowder,Steven Crowder,,Full video =&gt;  https://t.co/6cYufRQXhP,en,[],['https://www.youtube.com/watch?v=5gBQoyWHwuc&t=1s'],[],15,40,342,[],[],https://twitter.com/scrowder/status/1384561354342731780,False,,0,,,,,,,,[],,,,
1384560848555757570,1384560848555757570,2021-04-20 13:33:24 Eastern Daylight Time,2021-04-20,13:33:24,-0400,19091173,scrowder,Steven Crowder,,Opposing Voter ID is Racist #ChangeMyMind  https://t.co/nc8rllyx2d,en,[],[],[],149,549,3554,['changemymind'],[],https://twitter.com/scrowder/status/1384560848555757570,False,,1,https://pbs.twimg.com/amplify_video_thumb/1384494944333701127/img/9YY6Z0kLS2m8g5G0.jpg,,,,,,,[],,,,
1384556172980654082,1384556172980654082,2021-04-20 13:14:50 Eastern Daylight Time,2021-04-20,13:14:50,-0400,19091173,scrowder,Steven Crowder,,"Thanks, amigo!",en,[],[],[],30,57,1115,[],[],https://twitter.com/scrowder/status/1384556172980654082,False,https://twitter.com/WhitlockJason/status/1384550828598517763,0,,,,,,,,[],,,,
1384292089635098624,1384292089635098624,2021-04-19 19:45:27 Eastern Daylight Time,2021-04-19,19:45:27,-0400,19091173,scrowder,Steven Crowder,,"Maxine Waters’ REPEATED calls to harass, bully and “mob” dissenters is a direct threat to all free citizens of this country.",en,[],[],[],299,2767,17065,[],[],https://twitter.com/scrowder/status/1384292089635098624,False,,0,,,,,,,,[],,,,
1384243749618814989,1384243749618814989,2021-04-19 16:33:22 Eastern Daylight Time,2021-04-19,16:33:22,-0400,19091173,scrowder,Steven Crowder,,Drug use is irrelevant in a drug overdose?,nl,[],[],[],253,655,7142,[],[],https://twitter.com/scrowder/status/1384243749618814989,False,https://twitter.com/mmpadellan/status/1384221432960282632,0,,,,,,,,[],,,,
1384235356112015360,1384235356112015360,2021-04-19 16:00:01 Eastern Daylight Time,2021-04-19,16:00:01,-0400,19091173,scrowder,Steven Crowder,,WHY IS NO ONE TALKING ABOUT BRIAN STELTER CARRYNG A PURSE???  https://t.co/ct7ZciUO2Y,en,[],[],[],146,225,1926,[],[],https://twitter.com/scrowder/status/1384235356112015360,False,,1,https://pbs.twimg.com/amplify_video_thumb/1384153287809589248/img/MFqY0rKvI56ZH5a4.jpg,,,,,,,[],,,,
1384211973206810625,1384211973206810625,2021-04-19 14:27:06 Eastern Daylight Time,2021-04-19,14:27:06,-0400,19091173,scrowder,Steven Crowder,,THIS is what you need to be ready for. They are trying to INTIMIDATE the jury. #DerekChauvinTrial  https://t.co/juLaM9neO1,en,[],[],[],99,428,1940,['derekchauvintrial'],[],https://twitter.com/scrowder/status/1384211973206810625,False,,1,https://pbs.twimg.com/amplify_video_thumb/1384209572831789065/img/zdDv4OTyqu1Ae_GS.jpg,,,,,,,[],,,,
1384207476527026180,1384207476527026180,2021-04-19 14:09:14 Eastern Daylight Time,2021-04-19,14:09:14,-0400,19091173,scrowder,Steven Crowder,,"In an LwC EXCLUSIVE, @BenAsken explains what went wrong in the Jake Paul fight.  https://t.co/uXHAEYLZIi",en,"[{'screen_name': 'benasken', 'name': 'ben asken', 'id': '90427617'}]",[],[],55,65,1062,[],[],https://twitter.com/scrowder/status/1384207476527026180,False,,1,https://pbs.twimg.com/amplify_video_thumb/1384168765483479042/img/WcU1DNfv264Z02as.jpg,,,,,,,[],,,,
1384077315173273601,1384077315173273601,2021-04-19 05:32:01 Eastern Daylight Time,2021-04-19,05:32:01,-0400,19091173,scrowder,Steven Crowder,,"Covering the Chauvin trial closing statements today AND joined by @Benaskren. An eclectic mix, but a barn burner. 10AM ET! #LwC",en,"[{'screen_name': 'benaskren', 'name': 'funky', 'id': '39257839'}]",[],[],119,161,2795,['lwc'],[],https://twitter.com/scrowder/status/1384077315173273601,False,,0,,,,,,,,[],,,,
1383795700144558087,1383795700144558087,2021-04-18 10:52:59 Eastern Daylight Time,2021-04-18,10:52:59,-0400,19091173,scrowder,Steven Crowder,,If Trump was removed from Twitter AND Facebook for “inciting violence” then Maxine Waters needs to be federally charged and impeached.,en,[],[],[],1026,10062,35753,[],[],https://twitter.com/scrowder/status/1383795700144558087,False,https://twitter.com/breeadail/status/1383694727598415878,0,,,,,,,,[],,,,
1383613714834755589,1383613714834755589,2021-04-17 22:49:50 Eastern Daylight Time,2021-04-17,22:49:50,-0400,19091173,scrowder,Steven Crowder,,This is legitimately the worst thing I have ever watched. #TrillerFightClub,en,[],[],[],316,626,8473,['trillerfightclub'],[],https://twitter.com/scrowder/status/1383613714834755589,False,,0,,,,,,,,[],,,,
1383609863465365504,1383609863465365504,2021-04-17 22:34:32 Eastern Daylight Time,2021-04-17,22:34:32,-0400,19091173,scrowder,Steven Crowder,,My wife just asked me why I was watching “strippers on TV.” #TrillerFightClub has set humankind back.,en,[],[],[],147,223,4044,['trillerfightclub'],[],https://twitter.com/scrowder/status/1383609863465365504,False,,0,,,,,,,,[],,,,
1383607938086969346,1383607938086969346,2021-04-17 22:26:53 Eastern Daylight Time,2021-04-17,22:26:53,-0400,19091173,scrowder,Steven Crowder,,Hahahahahaha.,tl,[],[],[],23,71,1790,[],[],https://twitter.com/scrowder/status/1383607938086969346,False,https://twitter.com/Benaskren/status/1383607452860502021,0,,,,,,,,[],,,,
1383439790075387914,1383439790075387914,2021-04-17 11:18:43 Eastern Daylight Time,2021-04-17,11:18:43,-0400,19091173,scrowder,Steven Crowder,,Do you really want to talk with someone who’s been on the frontlines against CoVid misinformation or do you still have the same guest “screener?”,en,[],[],[],101,356,2822,[],[],https://twitter.com/scrowder/status/1383439790075387914,False,https://twitter.com/billmaher/status/1383296276020617224,0,,,,,,,,[],,,,
1383191280755281922,1383191280755281922,2021-04-16 18:51:14 Eastern Daylight Time,2021-04-16,18:51:14,-0400,19091173,scrowder,Steven Crowder,,"Some pointers I learned on how to transition my skill set into some semblance of punching power. Just like my buddy @benaskren. #PaulAskren #TrillerFightClub   You know, without the experience, achievements or talent...  https://t.co/Qal9WlYvxs",en,"[{'screen_name': 'benaskren', 'name': 'funky', 'id': '39257839'}]",[],[],136,107,1701,"['paulaskren', 'trillerfightclub']",[],https://twitter.com/scrowder/status/1383191280755281922,False,,1,https://pbs.twimg.com/amplify_video_thumb/1383158915370676229/img/Ydiuos87c93SOZvR.jpg,,,,,,,[],,,,
1383135089354153985,1383129363172839425,2021-04-16 15:07:57 Eastern Daylight Time,2021-04-16,15:07:57,-0400,19091173,scrowder,Steven Crowder,,@bubba6278 email: officiallwcmerchandise@gmail.com,fr,[],[],[],1,0,5,[],[],https://twitter.com/scrowder/status/1383135089354153985,False,,0,,,,,,,,"[{'screen_name': 'bubba6278', 'name': 'nathan', 'id': '2966719943'}]",,,,
1383129363172839425,1383129363172839425,2021-04-16 14:45:12 Eastern Daylight Time,2021-04-16,14:45:12,-0400,19091173,scrowder,Steven Crowder,,"If you're having trouble viewing it it's likely a caching issue. Crowdershop is INDEED live. Quit your browser and re-open, clear your cookies, you know the drill. People are already placing orders, we know it's working.",en,[],[],[],32,74,878,[],[],https://twitter.com/scrowder/status/1383129363172839425,False,https://twitter.com/scrowder/status/1383105981077286914,0,,,,,,,,[],,,,
1383105981077286914,1383105981077286914,2021-04-16 13:12:17 Eastern Daylight Time,2021-04-16,13:12:17,-0400,19091173,scrowder,Steven Crowder,,Crowder shop is back ONLINE! Shopify kicked us off without giving a reason. We had to pivot to another e-commerce platform. Our store is back though. You KNOW WHAT TO DO!  https://t.co/8o6vPfGlt6,en,[],['http://Crowdershop.com'],[],84,159,1331,[],[],https://twitter.com/scrowder/status/1383105981077286914,False,,0,,,,,,,,[],,,,
1383048438187663363,1383048438187663363,2021-04-16 09:23:38 Eastern Daylight Time,2021-04-16,09:23:38,-0400,19091173,scrowder,Steven Crowder,,You lie. Lil’ Homicide was shooting at cars and was holding said gun up until 0.8 seconds before he was shot.,en,[],[],[],178,957,5423,[],[],https://twitter.com/scrowder/status/1383048438187663363,False,https://twitter.com/AOC/status/1382885198115770369,0,,,,,,,,[],,,,
1383040063852802053,1383040063852802053,2021-04-16 08:50:21 Eastern Daylight Time,2021-04-16,08:50:21,-0400,19091173,scrowder,Steven Crowder,,"What happened in Indianapolis is absolutely heart-breaking. Whether you’re Conservative or a Leftist. We all have empathy, but different solutions.  One is right and one is wrong.  Prayers for all the families affected.",en,[],[],[],210,497,6990,[],[],https://twitter.com/scrowder/status/1383040063852802053,False,,0,,,,,,,,[],,,,
1382851818149974018,1382851818149974018,2021-04-15 20:22:20 Eastern Daylight Time,2021-04-15,20:22:20,-0400,19091173,scrowder,Steven Crowder,,"Today, sitting members of Congress demanded that @TuckerCarlson, a member of the press, be censored.  https://t.co/b6RSCwiWhd  ... still think you’re free?",en,"[{'screen_name': 'tuckercarlson', 'name': 'tucker carlson', 'id': '22703645'}]",['https://youtu.be/ZTAL1ga26LU'],[],292,1842,7308,[],[],https://twitter.com/scrowder/status/1382851818149974018,False,,0,,,,,,,,[],,,,
1382820771857240065,1382820771857240065,2021-04-15 18:18:58 Eastern Daylight Time,2021-04-15,18:18:58,-0400,19091173,scrowder,Steven Crowder,,The Crowder Shop site has been taken down. Again. Our merch team is working on an alternative and you'll be updated when we're updated.   Irritated? Yes. Defeated? No.  https://t.co/XcufkUBCNt,en,[],[],['https://pbs.twimg.com/media/EzDBmZcVUAQJEjS.jpg'],220,392,3291,[],[],https://twitter.com/scrowder/status/1382820771857240065,False,,1,https://pbs.twimg.com/media/EzDBmZcVUAQJEjS.jpg,,,,,,,[],,,,
1382801289902387201,1382801289902387201,2021-04-15 17:01:33 Eastern Daylight Time,2021-04-15,17:01:33,-0400,19091173,scrowder,Steven Crowder,,... ‘member when liberals used to vilify “Big Pharma?”,en,[],[],[],111,254,1996,[],[],https://twitter.com/scrowder/status/1382801289902387201,False,https://twitter.com/CNBCnow/status/1382747051532898306,0,,,,,,,,[],,,,
1382797837369430023,1382797837369430023,2021-04-15 16:47:50 Eastern Daylight Time,2021-04-15,16:47:50,-0400,19091173,scrowder,Steven Crowder,,"Twitter just suspended James O'Keefe, for acting well within the bounds of the law in exposing media bias and corruption.  Anyone who denies the danger of this control on information in the public square is a fascist and not your friend.  https://t.co/zbzOSGwMla",en,[],[],['https://pbs.twimg.com/media/EzCvTgSUcAI4fdC.jpg'],729,7090,25722,[],[],https://twitter.com/scrowder/status/1382797837369430023,False,,1,https://pbs.twimg.com/media/EzCvTgSUcAI4fdC.jpg,,,,,,,[],,,,
1382794069563297794,1382794069563297794,2021-04-15 16:32:51 Eastern Daylight Time,2021-04-15,16:32:51,-0400,19091173,scrowder,Steven Crowder,,"If you’re in Virginia Beach and you miss this, you’re a fool.",en,[],[],[],26,57,595,[],[],https://twitter.com/scrowder/status/1382794069563297794,False,https://twitter.com/LandauDave/status/1382783154847682560,0,,,,,,,,[],,,,
1382740753340891143,1382740753340891143,2021-04-15 13:01:00 Eastern Daylight Time,2021-04-15,13:01:00,-0400,19091173,scrowder,Steven Crowder,,"Ben &amp; Jerry's, ice cream makers from Vermont, have told us all what ""the problem"" is: white supremacy. The hot takes are almost unbearable.  https://t.co/DUkjea3ANF",en,[],[],[],97,167,1209,[],[],https://twitter.com/scrowder/status/1382740753340891143,False,,1,https://pbs.twimg.com/amplify_video_thumb/1382707583945887744/img/ENrQ7Gcp2sESXxIh.jpg,,,,,,,[],,,,
1382728170114277376,1382728170114277376,2021-04-15 12:11:00 Eastern Daylight Time,2021-04-15,12:11:00,-0400,19091173,scrowder,Steven Crowder,,"Packing the Supreme Court will fundamentally change our government. If you're okay with that now, are you okay with that when the OTHER SIDE is in power?  https://t.co/gjW45RP2gF",en,[],[],[],167,341,2113,[],[],https://twitter.com/scrowder/status/1382728170114277376,False,,1,https://pbs.twimg.com/amplify_video_thumb/1382709887256326145/img/rgUBNwhMsMSeNttj.jpg,,,,,,,[],,,,
1382720856560857088,1382720856560857088,2021-04-15 11:41:56 Eastern Daylight Time,2021-04-15,11:41:56,-0400,19091173,scrowder,Steven Crowder,,Geraldo went a little crazy on @dbongino. Have you see this?  https://t.co/J6iEOJj06D,en,"[{'screen_name': 'dbongino', 'name': 'dan bongino', 'id': '232901331'}]",[],[],105,143,1165,[],[],https://twitter.com/scrowder/status/1382720856560857088,False,,1,https://pbs.twimg.com/amplify_video_thumb/1382707597749276672/img/Xvdx2HCeoTBtUCow.jpg,,,,,,,[],,,,
1382714329129046016,1382714329129046016,2021-04-15 11:16:00 Eastern Daylight Time,2021-04-15,11:16:00,-0400,19091173,scrowder,Steven Crowder,,The fundamental reason for sports is to be the best. Men competing against women undermines this.,en,[],[],[],176,571,6923,[],[],https://twitter.com/scrowder/status/1382714329129046016,False,,0,,,,,,,,[],,,,
1382707910590013445,1382707635237969920,2021-04-15 10:50:30 Eastern Daylight Time,2021-04-15,10:50:30,-0400,19091173,scrowder,Steven Crowder,,Are you okay with it the NEXT TIME a Trump-like president is in power?!,en,[],[],[],160,186,3394,[],[],https://twitter.com/scrowder/status/1382707910590013445,False,,0,,,,,,,,[],,,,
1382707635237969920,1382707635237969920,2021-04-15 10:49:24 Eastern Daylight Time,2021-04-15,10:49:24,-0400,19091173,scrowder,Steven Crowder,,"Here's the issue with adding to the Supreme Court: if they add 4 judges, right now it's whatever Dems want. And then it just becomes an arms race. Dems add 4, Republicans add 3 more. Once you start this, you can't put the genie back in the bottle.",en,[],[],[],370,1071,9015,[],[],https://twitter.com/scrowder/status/1382707635237969920,False,,0,,,,,,,,[],,,,
1382650993737822209,1382650993737822209,2021-04-15 07:04:19 Eastern Daylight Time,2021-04-15,07:04:19,-0400,19091173,scrowder,Steven Crowder,,Sometimes I wake up excited for a show. Today I get to tear down @Trevornoah’s AWFUL transgender-sports propaganda and host @WhitlockJason. It is one of those days...  10AM ET. #LwC,en,"[{'screen_name': 'trevornoah', 'name': 'trevor noah', 'id': '46335511'}, {'screen_name': 'whitlockjason', 'name': 'jason whitlock', 'id': '40891771'}]",[],[],103,259,3397,['lwc'],[],https://twitter.com/scrowder/status/1382650993737822209,False,,0,,,,,,,,[],,,,
1382640115814690822,1382640115814690822,2021-04-15 06:21:06 Eastern Daylight Time,2021-04-15,06:21:06,-0400,19091173,scrowder,Steven Crowder,,"Hey @LandauDave, you left your GoldBond powder in my guest room, do you need me to next-day ship it again?",en,"[{'screen_name': 'landaudave', 'name': 'dave landau', 'id': '921614845'}]",[],[],67,60,1898,[],[],https://twitter.com/scrowder/status/1382640115814690822,False,,0,,,,,,,,[],,,,
1382378218980831234,1382378218980831234,2021-04-14 13:00:25 Eastern Daylight Time,2021-04-14,13:00:25,-0400,19091173,scrowder,Steven Crowder,,"Imagine a trial where ONLY the prosecution could call witnesses. What we're seeing Big Tech do now, censoring any opposing viewpoint it doesn't like, is exactly that.  https://t.co/jCFanbMDZJ",en,[],[],[],97,619,3273,[],[],https://twitter.com/scrowder/status/1382378218980831234,False,,1,https://pbs.twimg.com/amplify_video_thumb/1382358690053853190/img/drAu5oJCDpZC-ztb.jpg,,,,,,,[],,,,
1382343122760441856,1382343122760441856,2021-04-14 10:40:57 Eastern Daylight Time,2021-04-14,10:40:57,-0400,19091173,scrowder,Steven Crowder,,"When we talk about ""rape culture,"" are we only supposed to care about fake allegations?  https://t.co/NQUdEo0LYI",en,[],[],[],82,251,1549,[],[],https://twitter.com/scrowder/status/1382343122760441856,False,,1,https://pbs.twimg.com/amplify_video_thumb/1382340905277947906/img/twyz5jEpEDRXM2VL.jpg,,,,,,,[],,,,
1382317371407298563,1382317371407298563,2021-04-14 08:58:38 Eastern Daylight Time,2021-04-14,08:58:38,-0400,19091173,scrowder,Steven Crowder,,"Going to spend quite a bit of time on the real, overlooked victim today.  Jacob Blake’s sexually abused wife. Remember her? You will.  10AM ET. #LwC",en,[],[],[],104,533,4920,['lwc'],[],https://twitter.com/scrowder/status/1382317371407298563,False,,0,,,,,,,,[],,,,
1382088453987442688,1382088453987442688,2021-04-13 17:49:00 Eastern Daylight Time,2021-04-13,17:49:00,-0400,19091173,scrowder,Steven Crowder,,"The most disturbing aspect of all of this is that only yesterday, claiming that the Johnson and Johnson vaccine may not be entirely safe was a violation of YouTube’s “community guidelines” and could have resulted in an immediate removal.  ... do you feel free?",en,[],[],[],436,5594,25758,[],[],https://twitter.com/scrowder/status/1382088453987442688,False,,0,,,,,,,,[],,,,
1382019035483750405,1382019035483750405,2021-04-13 13:13:09 Eastern Daylight Time,2021-04-13,13:13:09,-0400,19091173,scrowder,Steven Crowder,,New Change my Mind is LIVE. You might actually be surprised how this one goes.  https://t.co/6QZ5D9sbaZ,en,[],['https://youtu.be/Y45-_HE91Us'],[],51,122,1070,[],[],https://twitter.com/scrowder/status/1382019035483750405,False,,0,,,,,,,,[],,,,
1382014713668730884,1382014713668730884,2021-04-13 12:55:58 Eastern Daylight Time,2021-04-13,12:55:58,-0400,19091173,scrowder,Steven Crowder,,"Johnson &amp; Johnson, a dead family company.",en,[],[],[],171,483,6722,[],[],https://twitter.com/scrowder/status/1382014713668730884,False,,0,,,,,,,,[],,,,
1381970750857433089,1381970750857433089,2021-04-13 10:01:17 Eastern Daylight Time,2021-04-13,10:01:17,-0400,19091173,scrowder,Steven Crowder,,Thanks for the heads up.,en,[],[],[],120,230,2200,[],[],https://twitter.com/scrowder/status/1381970750857433089,False,https://twitter.com/US_FDA/status/1381925612743499778,0,,,,,,,,[],,,,
1381931629736833033,1381931629736833033,2021-04-13 07:25:50 Eastern Daylight Time,2021-04-13,07:25:50,-0400,19091173,scrowder,Steven Crowder,,"COMMON GROUND? Okay, let’s raise the corporate tax rate exclusively on the Fortune 500 companies like Apple, Coke, Facebook, Amazon, Delta etc. the vast majority of them openly virtue signal and support it. Lower it for all mid-sized businesses or below. DNC, any takers?",en,[],[],[],409,2915,18180,[],[],https://twitter.com/scrowder/status/1381931629736833033,False,,0,,,,,,,,[],,,,
1381705041749360644,1381705041749360644,2021-04-12 16:25:27 Eastern Daylight Time,2021-04-12,16:25:27,-0400,19091173,scrowder,Steven Crowder,,"No, it’s because of the violent riots.",en,[],[],[],97,293,3010,[],[],https://twitter.com/scrowder/status/1381705041749360644,False,https://twitter.com/TheTishJones/status/1381691136415129600,0,,,,,,,,[],,,,
1381691308146843654,1381691308146843654,2021-04-12 15:30:53 Eastern Daylight Time,2021-04-12,15:30:53,-0400,19091173,scrowder,Steven Crowder,,"A “routine traffic stop” doesn’t typically involve a violent felon with an active warrant, violently resisting arrest. You are the problem.",en,[],[],[],438,865,5592,[],[],https://twitter.com/scrowder/status/1381691308146843654,False,https://twitter.com/SenAlexPadilla/status/1381687695374749698,0,,,,,,,,[],,,,
1381690586097410049,1381690586097410049,2021-04-12 15:28:00 Eastern Daylight Time,2021-04-12,15:28:00,-0400,19091173,scrowder,Steven Crowder,,"Watched the full footage. Takeaways: 1) This has nothing to do with race.  2) The female cop yelling “taser!” before using an ACTUAL FIREARM should be fired for ineptitude.  3) If you have a violent rap sheet and an active warrant, please don’t violently resist arrest.",en,[],[],[],517,2238,14994,[],[],https://twitter.com/scrowder/status/1381690586097410049,False,,0,,,,,,,,[],,,,
1381618291395817472,1381616205119725575,2021-04-12 10:40:44 Eastern Daylight Time,2021-04-12,10:40:44,-0400,19091173,scrowder,Steven Crowder,,Just don't burn other people's stuff. Yes?,en,[],[],[],69,97,2484,[],[],https://twitter.com/scrowder/status/1381618291395817472,False,,0,,,,,,,,[],,,,
1381616205119725575,1381616205119725575,2021-04-12 10:32:27 Eastern Daylight Time,2021-04-12,10:32:27,-0400,19091173,scrowder,Steven Crowder,,Common ground? Wait (don't) before you burn other people's stuff down.,en,[],[],[],78,261,4075,[],[],https://twitter.com/scrowder/status/1381616205119725575,False,,0,,,,,,,,[],,,,
1381555291452538880,1381555291452538880,2021-04-12 06:30:24 Eastern Daylight Time,2021-04-12,06:30:24,-0400,19091173,scrowder,Steven Crowder,,Slow-ish news day... So why not a thorough debunking of Biden’s executive actions on guns as to leave no doubt! Also 7+1 Uses for David Hogg’s now defunct “GoodPillow” company. Get your protest click-fingers ready! 10AM ET. #LwC,en,[],[],[],98,214,2815,['lwc'],[],https://twitter.com/scrowder/status/1381555291452538880,False,,0,,,,,,,,[],,,,
1381260101999341569,1381260101999341569,2021-04-11 10:57:25 Eastern Daylight Time,2021-04-11,10:57:25,-0400,19091173,scrowder,Steven Crowder,,... what about trans people being able to keep and bear arms?,en,[],[],[],203,290,4144,[],[],https://twitter.com/scrowder/status/1381260101999341569,False,https://twitter.com/davidhogg111/status/1381226460510363648,0,,,,,,,,[],,,,
1380880926541025283,1380880926541025283,2021-04-10 09:50:43 Eastern Daylight Time,2021-04-10,09:50:43,-0400,19091173,scrowder,Steven Crowder,,"Grew up on DMX, hid his albums from my parents, and used his songs as intros for early stand up shows. Now being accused of appropriation and I don’t care. #RIPDMX. One of the best to ever do it.  https://t.co/ocDer1RKzX",en,[],['https://youtu.be/l76uPQl4pbQ'],[],247,481,6716,['ripdmx'],[],https://twitter.com/scrowder/status/1380880926541025283,False,,0,,,,,,,,[],,,,
1380876966681837572,1380876966681837572,2021-04-10 09:34:58 Eastern Daylight Time,2021-04-10,09:34:58,-0400,19091173,scrowder,Steven Crowder,,#RIPDMX. Making woke white people uncomfortable since 1970.  https://t.co/bj5iOUK90W,en,[],[],[],1340,1737,16405,['ripdmx'],[],https://twitter.com/scrowder/status/1380876966681837572,False,,1,https://pbs.twimg.com/ext_tw_video_thumb/1380876925611163649/pu/img/lV9M4b6qWxkEIGe9.jpg,,,,,,,[],,,,
1380609523459579910,1380609523459579910,2021-04-09 15:52:15 Eastern Daylight Time,2021-04-09,15:52:15,-0400,19091173,scrowder,Steven Crowder,,"Common sense gun control is nonsense. #ChangeMyMind and yes, the sign is hand made. We're crafty.  https://t.co/KtuGWq3Sz0",en,[],[],['https://pbs.twimg.com/media/Eyjo5APVcAIL5tb.jpg'],212,681,7696,['changemymind'],[],https://twitter.com/scrowder/status/1380609523459579910,False,,1,https://pbs.twimg.com/media/Eyjo5APVcAIL5tb.jpg,,,,,,,[],,,,
1380571786161491974,1380568270697242626,2021-04-09 13:22:18 Eastern Daylight Time,2021-04-09,13:22:18,-0400,19091173,scrowder,Steven Crowder,,"FYI, if you're a fan of the shirt:  https://t.co/MKusgXY5ei",en,[],['https://crowdershop.com/collections/mens/products/fight-like-hell-baseball-tee?variant=39377231413456'],[],43,69,1117,[],[],https://twitter.com/scrowder/status/1380571786161491974,False,,0,,,,,,,,[],,,,
1380568270697242626,1380568270697242626,2021-04-09 13:08:20 Eastern Daylight Time,2021-04-09,13:08:20,-0400,19091173,scrowder,Steven Crowder,,Opposing Voter I.D. is Racist. #ChangeMyMind  https://t.co/2hAtALOEgC,en,[],[],['https://pbs.twimg.com/media/EyjDYAOVoAMTKEy.jpg'],332,1674,15476,['changemymind'],[],https://twitter.com/scrowder/status/1380568270697242626,False,,1,https://pbs.twimg.com/media/EyjDYAOVoAMTKEy.jpg,,,,,,,[],,,,
1380562366346096642,1380562366346096642,2021-04-09 12:44:52 Eastern Daylight Time,2021-04-09,12:44:52,-0400,19091173,scrowder,Steven Crowder,,We're having to relocate for this morning's first Change my Mind. Will update with new location when we're relocated!,en,[],[],[],76,166,4333,[],[],https://twitter.com/scrowder/status/1380562366346096642,False,,0,,,,,,,,[],,,,
1380553087966793736,1380553087966793736,2021-04-09 12:08:00 Eastern Daylight Time,2021-04-09,12:08:00,-0400,19091173,scrowder,Steven Crowder,,Setting up a #ChangeMyMind right now! We’re on the corner of Daniel &amp; Durham in front of Greek housing at SMU!,en,[],[],[],94,216,3627,['changemymind'],[],https://twitter.com/scrowder/status/1380553087966793736,False,,0,,,,,,,,[],,,,
1380506253378658307,1380506253378658307,2021-04-09 09:01:54 Eastern Daylight Time,2021-04-09,09:01:54,-0400,19091173,scrowder,Steven Crowder,,Filming several “Change my Minds” today. On  A) Opposing Voter I.D. Is Racist B) Biden’s Executive Actions on Guns are Bullshit #ChangeMyMind,en,[],[],[],180,626,7500,['changemymind'],[],https://twitter.com/scrowder/status/1380506253378658307,False,,0,,,,,,,,[],,,,
1380239349988622337,1380239349988622337,2021-04-08 15:21:19 Eastern Daylight Time,2021-04-08,15:21:19,-0400,19091173,scrowder,Steven Crowder,,I support background checks. Good thing they already exist! Requiring an I.D. to vote is no more a violation of your rights than it is to purchase a firearm. Common ground? #ShallNotBeInfringed,en,[],[],[],252,1923,12037,['shallnotbeinfringed'],[],https://twitter.com/scrowder/status/1380239349988622337,False,,0,,,,,,,,[],,,,
1380194717573480454,1380194717573480454,2021-04-08 12:23:58 Eastern Daylight Time,2021-04-08,12:23:58,-0400,19091173,scrowder,Steven Crowder,,“Ghost guns” are not a thing and pistols are already more heavily regulated than rifles regardless of “a fitted brace.”  Everything Biden has said today is misleading or flat out wrong.,en,[],[],[],441,3206,17795,[],[],https://twitter.com/scrowder/status/1380194717573480454,False,,0,,,,,,,,[],,,,
1380194458868850688,1380194458868850688,2021-04-08 12:22:56 Eastern Daylight Time,2021-04-08,12:22:56,-0400,19091173,scrowder,Steven Crowder,,Perfect! Will be conducting an impromptu #ChangeMyMind tomorrow on Biden’s unconstitutional executive gun actions. Details to follow.,en,[],[],[],104,380,4777,['changemymind'],[],https://twitter.com/scrowder/status/1380194458868850688,False,,0,,,,,,,,[],,,,
1380136840087412737,1380136840087412737,2021-04-08 08:33:59 Eastern Daylight Time,2021-04-08,08:33:59,-0400,19091173,scrowder,Steven Crowder,,"As I travel/prep for next week’s #ChangeMyMind, @LandauDave and @GmorganJr will be filling in for me today. Follow and berate them for me. 10AM ET!",en,"[{'screen_name': 'landaudave', 'name': 'dave landau', 'id': '921614845'}, {'screen_name': 'gmorganjr', 'name': 'gerald a', 'id': '863873989'}]",[],[],108,107,2166,['changemymind'],[],https://twitter.com/scrowder/status/1380136840087412737,False,,0,,,,,,,,[],,,,
1379896947906068488,1379896947906068488,2021-04-07 16:40:44 Eastern Daylight Time,2021-04-07,16:40:44,-0400,19091173,scrowder,Steven Crowder,,"If you haven’t watched the Chauvin trial, today has been a REEEEALLY bad day for the prosecution. They must be livid.",en,[],[],[],914,1916,17317,[],[],https://twitter.com/scrowder/status/1379896947906068488,False,,0,,,,,,,,[],,,,
1379779567209025541,1379779567209025541,2021-04-07 08:54:18 Eastern Daylight Time,2021-04-07,08:54:18,-0400,19091173,scrowder,Steven Crowder,,"Today I am going to test the theory and have my producer (and @GmorganJr) kneel on my neck for 9 minutes, live on concrete. No tricks, no cuts. We need to walk a mile in another’s shoes... 10AM ET. #LwC",en,"[{'screen_name': 'gmorganjr', 'name': 'gerald a', 'id': '863873989'}]",[],[],1990,778,8212,['lwc'],[],https://twitter.com/scrowder/status/1379779567209025541,False,,0,,,,,,,,[],,,,
1379564805552492545,1379564805552492545,2021-04-06 18:40:55 Eastern Daylight Time,2021-04-06,18:40:55,-0400,19091173,scrowder,Steven Crowder,,"If requiring I.D. is racist, then @Delta is racist as hell.",en,"[{'screen_name': 'delta', 'name': 'delta', 'id': '5920532'}]",[],[],496,2875,22644,[],[],https://twitter.com/scrowder/status/1379564805552492545,False,,0,,,,,,,,[],,,,
1379563446467973123,1379563446467973123,2021-04-06 18:35:31 Eastern Daylight Time,2021-04-06,18:35:31,-0400,19091173,scrowder,Steven Crowder,,"In many instances, vaccines are a good idea. Digital vaccine passports are not.",en,[],[],[],164,423,6533,[],[],https://twitter.com/scrowder/status/1379563446467973123,False,,0,,,,,,,,[],,,,
1379501858235027456,1379501858235027456,2021-04-06 14:30:47 Eastern Daylight Time,2021-04-06,14:30:47,-0400,19091173,scrowder,Steven Crowder,,"Remember, we have our SHOW NOTES on our website with sources cited:  https://t.co/bumnujM70u",en,[],['https://www.louderwithcrowder.com/show-notes-cance-culture'],[],64,206,1544,[],[],https://twitter.com/scrowder/status/1379501858235027456,False,,0,,,,,,,,[],,,,
1379444503443030020,1379444503443030020,2021-04-06 10:42:53 Eastern Daylight Time,2021-04-06,10:42:53,-0400,19091173,scrowder,Steven Crowder,,Great response for our first show back from YouTube jail. Thank you!  https://t.co/gYtXTDHgc9,en,[],[],[],105,294,2301,[],[],https://twitter.com/scrowder/status/1379444503443030020,False,,1,https://pbs.twimg.com/media/EyTFthTWUAMET_R.jpg,,,,,,,[],,,,
1379441569158291459,1379440530531225601,2021-04-06 10:31:13 Eastern Daylight Time,2021-04-06,10:31:13,-0400,19091173,scrowder,Steven Crowder,,BACK ON AIR NOW!  https://t.co/IPXEcZfTSn,en,[],['https://youtu.be/iqNT3JGG244'],[],35,153,1037,[],[],https://twitter.com/scrowder/status/1379441569158291459,False,,0,,,,,,,,[],,,,
1379440530531225601,1379440530531225601,2021-04-06 10:27:05 Eastern Daylight Time,2021-04-06,10:27:05,-0400,19091173,scrowder,Steven Crowder,,You guys blew up the stream and we were only on air for 8 minutes! COMING BACK SOON!  https://t.co/EzPjaLOFL7,en,[],[],['https://pbs.twimg.com/media/EyTB1hFXEAEv8rE.jpg'],96,229,3179,[],[],https://twitter.com/scrowder/status/1379440530531225601,False,,1,https://pbs.twimg.com/media/EyTB1hFXEAEv8rE.jpg,,,,,,,[],,,,
1379440364940058627,1379440364940058627,2021-04-06 10:26:26 Eastern Daylight Time,2021-04-06,10:26:26,-0400,19091173,scrowder,Steven Crowder,,Huh. See that view count? And the stream froze? Puzzling...  https://t.co/O0mqEkUxPT,en,[],[],['https://pbs.twimg.com/media/EyTBjd-XMAgFfZm.jpg'],150,336,3996,[],[],https://twitter.com/scrowder/status/1379440364940058627,False,,1,https://pbs.twimg.com/media/EyTBjd-XMAgFfZm.jpg,,,,,,,[],,,,
1379439814529978373,1379439814529978373,2021-04-06 10:24:15 Eastern Daylight Time,2021-04-06,10:24:15,-0400,19091173,scrowder,Steven Crowder,,What happened to the stream!?  https://t.co/8g5cBMV76b,en,[],[],[],137,249,1970,[],[],https://twitter.com/scrowder/status/1379439814529978373,False,,1,https://pbs.twimg.com/ext_tw_video_thumb/1379439759030956033/pu/img/TCTq1DKqwGf7yMKO.jpg,,,,,,,[],,,,
1379438108790419458,1379438108790419458,2021-04-06 10:17:28 Eastern Daylight Time,2021-04-06,10:17:28,-0400,19091173,scrowder,Steven Crowder,,SHOW FEED FROZE! HANG TIGHT!,en,[],[],[],375,205,4500,[],[],https://twitter.com/scrowder/status/1379438108790419458,False,,0,,,,,,,,[],,,,
1379436249572802560,1379436249572802560,2021-04-06 10:10:05 Eastern Daylight Time,2021-04-06,10:10:05,-0400,19091173,scrowder,Steven Crowder,, https://t.co/Yv8SBwziGl,und,[],[],['https://pbs.twimg.com/tweet_video_thumb/EyS99FsU4AskKiK.jpg'],144,99,1908,[],[],https://twitter.com/scrowder/status/1379436249572802560,False,,1,https://pbs.twimg.com/tweet_video_thumb/EyS99FsU4AskKiK.jpg,,,,,,,[],,,,
1379381022106787843,1379381022106787843,2021-04-06 06:30:37 Eastern Daylight Time,2021-04-06,06:30:37,-0400,19091173,scrowder,Steven Crowder,,Streaming for the first time in a week on YouTube today. Walking in like... 10AM ET. #LwC  https://t.co/Vc7qFrEWCr,en,[],[],['https://pbs.twimg.com/tweet_video_thumb/EySLuquXIAUh3bu.jpg'],89,185,2323,['lwc'],[],https://twitter.com/scrowder/status/1379381022106787843,False,,1,https://pbs.twimg.com/tweet_video_thumb/EySLuquXIAUh3bu.jpg,,,,,,,[],,,,
1379369844508913667,1379369844508913667,2021-04-06 05:46:13 Eastern Daylight Time,2021-04-06,05:46:13,-0400,19091173,scrowder,Steven Crowder,,Get ready.,en,[],[],[],432,408,9927,[],[],https://twitter.com/scrowder/status/1379369844508913667,False,,0,,,,,,,,[],,,,
1379155991770628105,1379155991770628105,2021-04-05 15:36:26 Eastern Daylight Time,2021-04-05,15:36:26,-0400,19091173,scrowder,Steven Crowder,,We “need to ignore his tweet”?? How about you address the ideas expressed instead...,en,[],[],[],169,199,2280,[],[],https://twitter.com/scrowder/status/1379155991770628105,False,https://twitter.com/NotGeauxGabby/status/1379132597276643338,0,,,,,,,,[],,,,
1379155540866166785,1379155540866166785,2021-04-05 15:34:39 Eastern Daylight Time,2021-04-05,15:34:39,-0400,19091173,scrowder,Steven Crowder,,An airline DEPENDENT on never-ending tax-payer bailouts as a part of their business model is parroting DNC talking points?!?,en,[],[],[],133,726,4656,[],[],https://twitter.com/scrowder/status/1379155540866166785,False,https://twitter.com/united/status/1379090217521590279,0,,,,,,,,[],,,,
1379102619852017665,1379102619852017665,2021-04-05 12:04:21 Eastern Daylight Time,2021-04-05,12:04:21,-0400,19091173,scrowder,Steven Crowder,,You can't tax your way to wealth.,en,[],[],[],652,1268,15721,[],[],https://twitter.com/scrowder/status/1379102619852017665,False,,0,,,,,,,,[],,,,
1379045738311774210,1379045738311774210,2021-04-05 08:18:20 Eastern Daylight Time,2021-04-05,08:18:20,-0400,19091173,scrowder,Steven Crowder,,"Remember, there's still a show today, just not on YouTube. Bookmark THIS link and we'll see you shortly!  https://t.co/Q3o6xDessz",en,[],['http://louderwithcrowder.com/live'],[],73,365,2314,[],[],https://twitter.com/scrowder/status/1379045738311774210,False,,0,,,,,,,,[],,,,
1379004338505404416,1379004338505404416,2021-04-05 05:33:49 Eastern Daylight Time,2021-04-05,05:33:49,-0400,19091173,scrowder,Steven Crowder,,Early morning knee rehabs makes me want to punch a hole in the world.,en,[],[],[],195,128,5017,[],[],https://twitter.com/scrowder/status/1379004338505404416,False,,0,,,,,,,,[],,,,
1378730373434183687,1378730373434183687,2021-04-04 11:25:11 Eastern Daylight Time,2021-04-04,11:25:11,-0400,19091173,scrowder,Steven Crowder,,"There is no eternal salvation outside of Jesus Christ, and no way to the Father except through him, and him alone. Why? Because He is risen, and no one else is, has been, nor ever will be.  Happy Easter.",en,[],[],[],1003,3757,28378,[],[],https://twitter.com/scrowder/status/1378730373434183687,False,,0,,,,,,,,[],,,,
1378707499566690304,1378707499566690304,2021-04-04 09:54:17 Eastern Daylight Time,2021-04-04,09:54:17,-0400,19091173,scrowder,Steven Crowder,,"... free speech is absolute, the ability to keep and bear arms is a human right, biology is not a social construct and the authoritarian leaders who’ve consolidated unprecedented, unelected power over the populous can kindly go fornicate themselves with a wire brush.",en,[],[],[],488,2430,16113,[],[],https://twitter.com/scrowder/status/1378707499566690304,False,,0,,,,,,,,[],,,,
1378707208117104643,1378707208117104643,2021-04-04 09:53:08 Eastern Daylight Time,2021-04-04,09:53:08,-0400,19091173,scrowder,Steven Crowder,,"Due to a refusal to disclose any infracting tweets in question, @Twitter has forced me to delete the entirety of my Twitter history. I would like to take this time to promise that I will be more sensitive to those affected by my hurtful humor and rhetoric. This is a new leaf...",en,"[{'screen_name': 'twitter', 'name': 'twitter', 'id': '783214'}]",[],[],1799,1205,15293,[],[],https://twitter.com/scrowder/status/1378707208117104643,False,,0,,,,,,,,[],,,,
1378690175417597955,1378690175417597955,2021-04-04 08:45:27 Eastern Daylight Time,2021-04-04,08:45:27,-0400,19091173,scrowder,Steven Crowder,,TEST...,en,[],[],[],1872,823,22316,[],[],https://twitter.com/scrowder/status/1378690175417597955,False,,0,,,,,,,,[],,,,
