id,conversation_id,created_at,date,time,timezone,user_id,username,name,place,tweet,language,mentions,urls,photos,replies_count,retweets_count,likes_count,hashtags,cashtags,link,retweet,quote_url,video,thumbnail,near,geo,source,user_rt_id,user_rt,retweet_id,reply_to,retweet_date,translate,trans_src,trans_dest
1398428721862881284,1398428721862881284,2021-05-28 19:59:23 Eastern Daylight Time,2021-05-28,19:59:23,-0400,22940219,eminem,Marshall Mathers,,Remix with my cold blooded killers @jackharlow @cordae - out now!  https://t.co/qrnZ3SOTsH  https://t.co/bDiQS6fSqL,en,"[{'screen_name': 'jackharlow', 'name': 'jack harlow', 'id': '61642247'}, {'screen_name': 'cordae', 'name': ""cordae'"", 'id': '255520331'}]",['http://eminem.lnk.to/KillerRemix'],[],430,2119,14644,[],[],https://twitter.com/Eminem/status/1398428721862881284,False,,1,https://pbs.twimg.com/ext_tw_video_thumb/1398427426393313284/pu/img/e62DBz3XuE3qSTCU.jpg,,,,,,,[],,,,
1398128830150234114,1398128830150234114,2021-05-28 00:07:43 Eastern Daylight Time,2021-05-28,00:07:43,-0400,22940219,eminem,Marshall Mathers,,"""Dying laughing is the only way you're killing me""¬†üî™¬†K I L L E R remix out now -  https://t.co/qrnZ3SOTsH @jackharlow @cordae  https://t.co/XjnhilgIiD",en,"[{'screen_name': 'jackharlow', 'name': 'jack harlow', 'id': '61642247'}, {'screen_name': 'cordae', 'name': ""cordae'"", 'id': '255520331'}]",['http://eminem.lnk.to/KillerRemix'],['https://pbs.twimg.com/media/E2cireJWUAgxvuH.jpg'],923,4796,27096,[],[],https://twitter.com/Eminem/status/1398128830150234114,False,,1,https://pbs.twimg.com/media/E2cireJWUAgxvuH.jpg,,,,,,,[],,,,
1397945733194649605,1397945733194649605,2021-05-27 12:00:10 Eastern Daylight Time,2021-05-27,12:00:10,-0400,22940219,eminem,Marshall Mathers,,"You know we had to do a remix, right?  K I L L E R RMX w/ @jackharlow &amp; @cordae Midnight ET  https://t.co/Dv9liXpCkC",en,"[{'screen_name': 'jackharlow', 'name': 'jack harlow', 'id': '61642247'}, {'screen_name': 'cordae', 'name': ""cordae'"", 'id': '255520331'}]",[],[],1511,7982,41019,[],[],https://twitter.com/Eminem/status/1397945733194649605,False,,1,https://pbs.twimg.com/ext_tw_video_thumb/1397941236569366530/pu/img/CCyLJH7zw1FSfPVT.jpg,,,,,,,[],,,,
1390053341976203268,1390053341976203268,2021-05-05 17:18:37 Eastern Daylight Time,2021-05-05,17:18:37,-0400,22940219,eminem,Marshall Mathers,,"""And my thoughts are like nines cocked / Every line's obscene, pervertedest mind, got the dirtiest rhyme stocked"" ü§¨ Limited run of #AlfredsTheme lyric coffee table books are on the site. DANGER: KEEP OUT OF REACH OF CHILDREN -  https://t.co/aRrmDWwoCj  https://t.co/eU6Gu9C0fs",en,[],['http://shady.SR/AlfredsThemeLyricBook'],[],2764,1830,13589,['alfredstheme'],[],https://twitter.com/Eminem/status/1390053341976203268,False,,1,https://pbs.twimg.com/ext_tw_video_thumb/1390052729737842688/pu/img/E0m5LL0qXL71kRxE.jpg,,,,,,,[],,,,
1389980849215528963,1389980849215528963,2021-05-05 12:30:33 Eastern Daylight Time,2021-05-05,12:30:33,-0400,22940219,eminem,Marshall Mathers,,"""Don't make me give that crock a dial"" üêä #AlfredsTheme lyric video is out -  https://t.co/Ij9VYcnhiY  https://t.co/7PEB3ja2eP",en,[],['http://shady.SR/AlfredsThemeTW'],[],1499,2762,17283,['alfredstheme'],[],https://twitter.com/Eminem/status/1389980849215528963,False,,1,https://pbs.twimg.com/ext_tw_video_thumb/1389980667916734471/pu/img/rxFfo-WtwH6-Wi1j.jpg,,,,,,,[],,,,
1389778863715127299,1389778863715127299,2021-05-04 23:07:56 Eastern Daylight Time,2021-05-04,23:07:56,-0400,22940219,eminem,Marshall Mathers,,"‚Äú‚ÄòCause without a second to spare, I'm strikin' again"" üî™ #AlfredsTheme lyric video coming tomorrow Noon ET  https://t.co/MhYCxVWfDm",en,[],[],[],1371,3717,24892,['alfredstheme'],[],https://twitter.com/Eminem/status/1389778863715127299,False,,1,https://pbs.twimg.com/ext_tw_video_thumb/1389777669101924353/pu/img/MrGkLSXFbvdLXJ4T.jpg,,,,,,,[],,,,
1386455072167628802,1386455072167628802,2021-04-25 19:00:22 Eastern Daylight Time,2021-04-25,19:00:22,-0400,22940219,eminem,Marshall Mathers,,#SHADYCON Open Editions on @NiftyGateway droppin now -  https://t.co/feqF7459Xr  https://t.co/1qROVgixAp,en,"[{'screen_name': 'niftygateway', 'name': 'nifty gateway', 'id': '1053795166199238656'}]",['http://niftygateway.com'],['https://pbs.twimg.com/media/Ez2thAPXsAQZKDq.jpg'],536,1334,12525,['shadycon'],[],https://twitter.com/Eminem/status/1386455072167628802,False,,1,https://pbs.twimg.com/media/Ez2thAPXsAQZKDq.jpg,,,,,,,[],,,,
1386447230035505168,1386447230035505168,2021-04-25 18:29:13 Eastern Daylight Time,2021-04-25,18:29:13,-0400,22940219,eminem,Marshall Mathers,,#SHADYCON is ON!  @NiftyGateway -  https://t.co/feqF7459Xr  https://t.co/A4p4myvjX9,en,"[{'screen_name': 'niftygateway', 'name': 'nifty gateway', 'id': '1053795166199238656'}]",['http://niftygateway.com'],[],325,1095,8719,['shadycon'],[],https://twitter.com/Eminem/status/1386447230035505168,False,,1,https://pbs.twimg.com/ext_tw_video_thumb/1386444743677186048/pu/img/Ay6SeFI-tm0e-33v.jpg,,,,,,,[],,,,
1386445394985562112,1386445394985562112,2021-04-25 18:21:55 Eastern Daylight Time,2021-04-25,18:21:55,-0400,22940219,eminem,Marshall Mathers,,We're on @joinClubhouse talking about our #ShadyCon Drop - join my club I got some invites for stans -  https://t.co/cBG3C0pZiJ,en,"[{'screen_name': 'joinclubhouse', 'name': 'follow @clubhouse', 'id': '1380579951028617220'}]",['https://www.joinclubhouse.com/join/eminem-stans/U7O23Vnu'],[],320,629,6641,['shadycon'],[],https://twitter.com/Eminem/status/1386445394985562112,False,,0,,,,,,,,[],,,,
1386154230474592262,1386154230474592262,2021-04-24 23:04:56 Eastern Daylight Time,2021-04-24,23:04:56,-0400,22940219,eminem,Marshall Mathers,,What the hells an NFT? Guide to the @niftygateway drop on the site -  https://t.co/aVekoOLBKl  https://t.co/EGMl0FPQsY,en,"[{'screen_name': 'niftygateway', 'name': 'nifty gateway', 'id': '1053795166199238656'}]",['http://shady.sr/NFT'],[],595,1709,15356,[],[],https://twitter.com/Eminem/status/1386154230474592262,False,,1,https://pbs.twimg.com/ext_tw_video_thumb/1386150387263094790/pu/img/cON-2ZleJYi4y9TB.jpg,,,,,,,[],,,,
1385354532662689792,1385354532662689792,2021-04-22 18:07:13 Eastern Daylight Time,2021-04-22,18:07:13,-0400,22940219,eminem,Marshall Mathers,,SHADY CON is goin down Sunday on @niftygateway hit the site for more -  https://t.co/zihP6IDviC  https://t.co/LzndItEprd,en,"[{'screen_name': 'niftygateway', 'name': 'nifty gateway', 'id': '1053795166199238656'}]",['http://shady.sr/ShadyCon'],[],535,2525,16939,[],[],https://twitter.com/Eminem/status/1385354532662689792,False,,1,https://pbs.twimg.com/ext_tw_video_thumb/1385348710457020418/pu/img/23Lw1Z6Ow827fXQ0.jpg,,,,,,,[],,,,
1385275535903895567,1385275535903895567,2021-04-22 12:53:19 Eastern Daylight Time,2021-04-22,12:53:19,-0400,22940219,eminem,Marshall Mathers,,‚Äúit goes Reggie...‚Äù,en,[],[],[],771,3123,27039,[],[],https://twitter.com/Eminem/status/1385275535903895567,False,https://twitter.com/therealredman/status/1382909840461234176,0,,,,,,,,[],,,,
1384586261189570575,1384586261189570575,2021-04-20 15:14:23 Eastern Daylight Time,2021-04-20,15:14:23,-0400,22940219,eminem,Marshall Mathers,,üí°,und,[],[],[],1102,2646,23979,[],[],https://twitter.com/Eminem/status/1384586261189570575,False,https://twitter.com/niftygateway/status/1384582644793581571,0,,,,,,,,[],,,,
1384289710474858499,1384289710474858499,2021-04-19 19:36:00 Eastern Daylight Time,2021-04-19,19:36:00,-0400,22940219,eminem,Marshall Mathers,,ü§î,und,[],[],[],1526,4180,40719,[],[],https://twitter.com/Eminem/status/1384289710474858499,False,https://twitter.com/nbcsnl/status/1376032888764960769,0,,,,,,,,[],,,,
1378471570973286400,1378471570973286400,2021-04-03 18:16:47 Eastern Daylight Time,2021-04-03,18:16:47,-0400,22940219,eminem,Marshall Mathers,,Prayers out 2 @DMX &amp; his family!! True legend!! Pullin 4 u please stay strong!!,en,"[{'screen_name': 'dmx', 'name': 'dmx', 'id': '350628549'}]",[],[],1537,13647,110338,[],[],https://twitter.com/Eminem/status/1378471570973286400,False,,0,,,,,,,,[],,,,
1367923553102872582,1367923553102872582,2021-03-05 14:42:44 Eastern Standard Time,2021-03-05,14:42:44,-0400,22940219,eminem,Marshall Mathers,,‚ÄúI won't stop even when my hair turns grey (I'm tone-deaf) / 'Cause they won't stop until they cancel me‚Äù #ToneDeaf lyric video up on my channel-  https://t.co/kd4Iw5j9TI  https://t.co/nw1Q2eUyzN,en,[],['http://shady.SR/ToneDeaf'],[],2557,9956,51201,['tonedeaf'],[],https://twitter.com/Eminem/status/1367923553102872582,False,,1,https://pbs.twimg.com/ext_tw_video_thumb/1367910223000842243/pu/img/2c9XxVE-N_QfUyNg.jpg,,,,,,,[],,,,
1365350783118630921,1365350783118630921,2021-02-26 12:19:28 Eastern Standard Time,2021-02-26,12:19:28,-0400,22940219,eminem,Marshall Mathers,,"""'Til the day that I drop you'll never say that I'm not killin' 'em""  Another 1 billion on @Spotify #TillICollapse  https://t.co/sryyc7C5FO",en,"[{'screen_name': 'spotify', 'name': 'spotify', 'id': '17230018'}]",[],[],1388,6867,46551,['tillicollapse'],[],https://twitter.com/Eminem/status/1365350783118630921,False,,1,https://pbs.twimg.com/ext_tw_video_thumb/1365347220502040583/pu/img/JBVWLjyF0kn6KuY3.jpg,,,,,,,[],,,,
1364628492688760834,1364628492688760834,2021-02-24 12:29:20 Eastern Standard Time,2021-02-24,12:29:20,-0400,22940219,eminem,Marshall Mathers,,"You can do anything you set your mind to, man... #LoseYourself is over 1 billion on @Spotify  https://t.co/KtSOzbJK8q",en,"[{'screen_name': 'spotify', 'name': 'spotify', 'id': '17230018'}]",[],[],1367,7785,46607,['loseyourself'],[],https://twitter.com/Eminem/status/1364628492688760834,False,,1,https://pbs.twimg.com/ext_tw_video_thumb/1364627414266105856/pu/img/2SxKV9nHZ9k7imkO.jpg,,,,,,,[],,,,
1362611339626184704,1362611339626184704,2021-02-18 22:53:54 Eastern Standard Time,2021-02-18,22:53:54,-0400,22940219,eminem,Marshall Mathers,,U know it‚Äôs Dre Day!  Happy bday Doc. I ain‚Äôt gotta say more you know what it is!  https://t.co/gfiTgtYQff,en,[],[],['https://pbs.twimg.com/media/Euj3xn2XEAM3pWZ.jpg'],1549,14586,130493,[],[],https://twitter.com/Eminem/status/1362611339626184704,False,,1,https://pbs.twimg.com/media/Euj3xn2XEAM3pWZ.jpg,,,,,,,[],,,,
1362605815220367361,1362605815220367361,2021-02-18 22:31:56 Eastern Standard Time,2021-02-18,22:31:56,-0400,22940219,eminem,Marshall Mathers,,So sad 2 hear of the legendary @PrinceMarkieDee of the Fat Boys' passing. One of my childhood idols &amp; favorite mc's of all time. Left us way 2 soon. He will truly be missed.,en,"[{'screen_name': 'princemarkiedee', 'name': 'prince markie dee', 'id': '23414255'}]",[],[],421,1671,20887,[],[],https://twitter.com/Eminem/status/1362605815220367361,False,,0,,,,,,,,[],,,,
1362528655751151617,1362528655751151617,2021-02-18 17:25:20 Eastern Standard Time,2021-02-18,17:25:20,-0400,22940219,eminem,Marshall Mathers,,‚ÄúI‚Äôd like to welcome y‚Äôall to The Eminem Show‚Äù üì∫ Videos remastered in HD- Hit the @youtube playlist on my channel ‚Äì  https://t.co/o9kqsNWjpS  https://t.co/detWZZICVz,en,"[{'screen_name': 'youtube', 'name': 'youtube', 'id': '10228272'}]",['http://shady.SR/EminemShow_HD'],[],697,3712,24217,[],[],https://twitter.com/Eminem/status/1362528655751151617,False,,1,https://pbs.twimg.com/ext_tw_video_thumb/1362517860006981635/pu/img/GKR1AmiMjHA-AUIJ.jpg,,,,,,,[],,,,
1359928800814002181,1359928800814002181,2021-02-11 13:14:27 Eastern Standard Time,2021-02-11,13:14:27,-0400,22940219,eminem,Marshall Mathers,,"Congrats, @TomBrady. ‚ÄúThey hate us cuz they ain‚Äôt us!‚Äù",en,"[{'screen_name': 'tombrady', 'name': 'tom brady', 'id': '1108050829393707008'}]",[],[],1684,9017,107848,[],[],https://twitter.com/Eminem/status/1359928800814002181,False,https://twitter.com/TomBrady/status/1359609074682392578,0,,,,,,,,[],,,,
1358129675772563456,1358129675772563456,2021-02-06 14:05:22 Eastern Standard Time,2021-02-06,14:05:22,-0400,22940219,eminem,Marshall Mathers,,It‚Äôs fight night again!  Tonight catch an airing of the #Higher video before the main event @ufc @espnmma  https://t.co/cPuZo73jz0,en,"[{'screen_name': 'ufc', 'name': 'ufc', 'id': '6446742'}, {'screen_name': 'espnmma', 'name': 'espn mma', 'id': '1062738433716686848'}]",[],['https://pbs.twimg.com/media/EtkK9SvXcAYeiyh.jpg'],618,1879,18384,['higher'],[],https://twitter.com/Eminem/status/1358129675772563456,False,,1,https://pbs.twimg.com/media/EtkK9SvXcAYeiyh.jpg,,,,,,,[],,,,
1357018056766017536,1357018056766017536,2021-02-03 12:28:11 Eastern Standard Time,2021-02-03,12:28:11,-0400,22940219,eminem,Marshall Mathers,,"""And you ain't gon' get there if you watered-down / You gotta take shots with a hundred proof"" üé• Gallery from the #HIGHER video shoot now up on the site-  https://t.co/0TK1NtSMuh | photo credit: @jeremydeputat  https://t.co/el1KU9MuKk",en,[],['http://shady.SR/Higher'],['https://pbs.twimg.com/media/EtUS8OCXcAQM73y.jpg'],565,1885,17198,['higher'],[],https://twitter.com/Eminem/status/1357018056766017536,False,,1,https://pbs.twimg.com/media/EtUS8OCXcAQM73y.jpg,,,,,,,[],,,,
1354498672894087170,1354498672894087170,2021-01-27 13:37:03 Eastern Standard Time,2021-01-27,13:37:03,-0400,22940219,eminem,Marshall Mathers,,"""All I know is every time I think I hit my ceiling / I go #HIGHER than I've ever fuckin' been"" Hit @YouTube to watch -  https://t.co/Jj7TxbF069  https://t.co/bQMsgo6th6",en,"[{'screen_name': 'youtube', 'name': 'youtube', 'id': '10228272'}]",['http://shady.sr/Higher_OfficialVideo'],[],849,3076,21144,['higher'],[],https://twitter.com/Eminem/status/1354498672894087170,False,,1,https://pbs.twimg.com/ext_tw_video_thumb/1354494095029395457/pu/img/J_PcPPZn6nc_GVUv.jpg,,,,,,,[],,,,
1353170180696891397,1353170180696891397,2021-01-23 21:38:06 Eastern Standard Time,2021-01-23,21:38:06,-0400,22940219,eminem,Marshall Mathers,,#SURVIVALMODE #HIGHER @UFC Official Limited Edition Collab -  https://t.co/J3F45PQ5VZ  https://t.co/gsQbiW2Tsb,en,"[{'screen_name': 'ufc', 'name': 'ufc', 'id': '6446742'}]",['http://shop.eminem.com'],['https://pbs.twimg.com/media/EsdsdkyW8AEhQZN.jpg'],355,1202,12538,"['survivalmode', 'higher']",[],https://twitter.com/Eminem/status/1353170180696891397,False,,1,https://pbs.twimg.com/media/EsdsdkyW8AEhQZN.jpg,,,,,,,[],,,,
1353146506262568960,1353146506262568960,2021-01-23 20:04:01 Eastern Standard Time,2021-01-23,20:04:01,-0400,22940219,eminem,Marshall Mathers,,"‚ÄúNot sure if I have much left to prove, Yeah I do‚Äù Catch the #HIGHER video during the fights on @ESPN #UFC257  https://t.co/f99Dpi95mv",en,"[{'screen_name': 'espn', 'name': 'espn', 'id': '2557521'}]",[],[],581,2782,20519,"['higher', 'ufc257']",[],https://twitter.com/Eminem/status/1353146506262568960,False,,1,https://pbs.twimg.com/ext_tw_video_thumb/1353146397302906880/pu/img/_rcVk-e9Eq1N9S7Q.jpg,,,,,,,[],,,,
1353065515527196673,1353065515527196673,2021-01-23 14:42:12 Eastern Standard Time,2021-01-23,14:42:12,-0400,22940219,eminem,Marshall Mathers,,"‚ÄúI look at me now, I‚Äôm thinkin‚Äô damn, how proud of me I am!‚Äù üé• #HIGHER full-length Explicit music video watch now -  https://t.co/oZ6mp1JjSW  https://t.co/r7zd9LET2w",en,[],['http://youtu.be/jfobiCq0YUc'],[],1307,5665,30810,['higher'],[],https://twitter.com/Eminem/status/1353065515527196673,False,,1,https://pbs.twimg.com/ext_tw_video_thumb/1353062378649178120/pu/img/AWMnMFnWZ62lcgeI.jpg,,,,,,,[],,,,
1352700830512783361,1352700830512783361,2021-01-22 14:33:04 Eastern Standard Time,2021-01-22,14:33:04,-0400,22940219,eminem,Marshall Mathers,,#SURVIVALMODE ü•äü•äü•ä #Higher music video premieres 2pm ET tomorrow on @ABC during the #UFC257 Countdown show and airs again for the main fight on @ESPN - hit the site for details!  https://t.co/jIcSzwJJXr  https://t.co/k4rF7Uktrr,en,"[{'screen_name': 'abc', 'name': 'abc news', 'id': '28785486'}, {'screen_name': 'espn', 'name': 'espn', 'id': '2557521'}]",['http://shady.sr/HigherVideoPremiere'],[],767,3668,21512,"['survivalmode', 'higher', 'ufc257']",[],https://twitter.com/Eminem/status/1352700830512783361,False,,1,https://pbs.twimg.com/ext_tw_video_thumb/1352700523091271681/pu/img/VKSeIld7dGSqYLAS.jpg,,,,,,,[],,,,
1351204135283138566,1351204135283138566,2021-01-18 11:25:44 Eastern Standard Time,2021-01-18,11:25:44,-0400,22940219,eminem,Marshall Mathers,,"‚ÄúShovel at my side, blood on my mic. Now wake up to Music To Be Murdered By like....‚Äù #SIDEB on CD available in stores now -  https://t.co/pmuYJ5KOPX  https://t.co/3rJUjPGYj5",en,[],['http://interscope.lnk.to/MTBMBDLX'],[],793,2835,21135,['sideb'],[],https://twitter.com/Eminem/status/1351204135283138566,False,,1,https://pbs.twimg.com/ext_tw_video_thumb/1351203558239170573/pu/img/Qpr-NeYyLDLA4PEM.jpg,,,,,,,[],,,,
1350248344355037184,1350248344355037184,2021-01-15 20:07:46 Eastern Standard Time,2021-01-15,20:07:46,-0400,22940219,eminem,Marshall Mathers,,"‚ÄúI look around, I see the fans‚Äù Need your help- send in videos singing the hook to #Higher!  Hit the site for details -  https://t.co/dUiMkfMupS  https://t.co/VDof3Ox9ak",en,[],['https://umusic.digital/qaerut/'],['https://pbs.twimg.com/media/Er0LnNIXcAAIEus.jpg'],815,2287,21549,['higher'],[],https://twitter.com/Eminem/status/1350248344355037184,False,,1,https://pbs.twimg.com/media/Er0LnNIXcAAIEus.jpg,,,,,,,[],,,,
1348797033352732673,1348797033352732673,2021-01-11 20:00:46 Eastern Standard Time,2021-01-11,20:00:46,-0400,22940219,eminem,Marshall Mathers,,Time to see who's #1... doesn't get higher @ESPN #NationalChampionship  https://t.co/H3xFJDfkUF,en,"[{'screen_name': 'espn', 'name': 'espn', 'id': '2557521'}]",[],[],610,2605,19058,['nationalchampionship'],[],https://twitter.com/Eminem/status/1348797033352732673,False,,1,https://pbs.twimg.com/ext_tw_video_thumb/1348794415649869829/pu/img/JciSTTgLP0bpyGgD.jpg,,,,,,,[],,,,
1348695652344221696,1348695652344221696,2021-01-11 13:17:55 Eastern Standard Time,2021-01-11,13:17:55,-0400,22940219,eminem,Marshall Mathers,,"""Born a winner / damn it's so hard to lose"" ü•ä #Higher @UFC",en,"[{'screen_name': 'ufc', 'name': 'ufc', 'id': '6446742'}]",[],[],575,2635,21562,['higher'],[],https://twitter.com/Eminem/status/1348695652344221696,False,https://twitter.com/ufc/status/1348374499155079168,0,,,,,,,,[],,,,
1345484952918515714,1345484952918515714,2021-01-02 16:39:45 Eastern Standard Time,2021-01-02,16:39:45,-0400,22940219,eminem,Marshall Mathers,,‚ÄúIm out my Ramen noodle‚Äù get your hands on some @LyricaLemonade #gnat music video props on the site -  https://t.co/ALFVsi72KR  https://t.co/Rt7MbXjiV5,en,"[{'screen_name': 'lyricalemonade', 'name': 'lyrical lemonade', 'id': '1859316974'}]",['http://shady.sr/GNAT'],[],822,2372,21859,['gnat'],[],https://twitter.com/Eminem/status/1345484952918515714,False,,1,https://pbs.twimg.com/ext_tw_video_thumb/1345482761503703047/pu/img/j-0EdaiTG4cVps3M.jpg,,,,,,,[],,,,
1344397656471302144,1344397656471302144,2020-12-30 16:39:13 Eastern Standard Time,2020-12-30,16:39:13,-0400,22940219,eminem,Marshall Mathers,,Dove deep into my cassette collection with @zanelowe! #Athomewithapplemusic @AppleMusic  https://t.co/PArzzdxQnb  https://t.co/F4XOuSVis1,en,"[{'screen_name': 'zanelowe', 'name': 'zane lowe', 'id': '21288052'}, {'screen_name': 'applemusic', 'name': 'apple music', 'id': '74580436'}]",['http://apple.co/eminem'],[],1043,3490,31190,['athomewithapplemusic'],[],https://twitter.com/Eminem/status/1344397656471302144,False,,1,https://pbs.twimg.com/ext_tw_video_thumb/1344393948572348419/pu/img/-E5Xe9B9sRJdY1qb.jpg,,,,,,,[],,,,
1343992360137613314,1343992360137613314,2020-12-29 13:48:43 Eastern Standard Time,2020-12-29,13:48:43,-0400,22940219,eminem,Marshall Mathers,,Survival mode! #Higher #UFC257 @ufc @DustinPoirier  @TheNotoriousMMA  https://t.co/RKdQVlGITB,en,"[{'screen_name': 'ufc', 'name': 'ufc', 'id': '6446742'}, {'screen_name': 'dustinpoirier', 'name': 'the diamond', 'id': '45342709'}, {'screen_name': 'thenotoriousmma', 'name': 'conor mcgregor', 'id': '369583954'}]",[],[],710,4976,32095,"['higher', 'ufc257']",[],https://twitter.com/Eminem/status/1343992360137613314,False,,1,https://pbs.twimg.com/ext_tw_video_thumb/1343991357279526912/pu/img/dKwHXNb6Yu17WdD8.jpg,,,,,,,[],,,,
1343053011283824642,1343053011283824642,2020-12-26 23:36:05 Eastern Standard Time,2020-12-26,23:36:05,-0400,22940219,eminem,Marshall Mathers,,"""Flow going viral, you best stay strapped with that Lysol and get way back"" #SideB #MTBMB  https://t.co/Ebt0AqnCk2  https://t.co/LoNieLQ3rx",en,[],['https://smarturl.it/MTBMBDLX'],[],703,2336,21381,"['sideb', 'mtbmb']",[],https://twitter.com/Eminem/status/1343053011283824642,False,,1,https://pbs.twimg.com/ext_tw_video_thumb/1343051533882171392/pu/img/cxPYbI5o-4WoORKY.jpg,,,,,,,[],,,,
1342298469650870272,1342298469650870272,2020-12-24 21:37:48 Eastern Standard Time,2020-12-24,21:37:48,-0400,22940219,eminem,Marshall Mathers,,"I need to get off the internet, I need to get on the mic, You need to get off the internet, You need to get you a life #BookofRhymes #SIDEB out now  https://t.co/g5jCYXbnPM  https://t.co/jmdyZYFZUP",en,[],['http://smarturl.it/MTBMBDLX'],[],1338,5759,43879,"['bookofrhymes', 'sideb']",[],https://twitter.com/Eminem/status/1342298469650870272,False,,1,https://pbs.twimg.com/ext_tw_video_thumb/1342298261441437696/pu/img/UkrXuSHXWP4DA3KK.jpg,,,,,,,[],,,,
1342176408689405957,1342176408689405957,2020-12-24 13:32:46 Eastern Standard Time,2020-12-24,13:32:46,-0400,22940219,eminem,Marshall Mathers,,"""Music to be buried by"" -Uncle Alfred taught me well... #AlfredHitchcock #MTBMB   https://t.co/Ebt0AqnCk2  https://t.co/67ZeDv6IYx",en,[],['https://smarturl.it/MTBMBDLX'],['https://pbs.twimg.com/media/EqBa61SXEAAdil0.jpg'],953,3885,36435,"['alfredhitchcock', 'mtbmb']",[],https://twitter.com/Eminem/status/1342176408689405957,False,,1,https://pbs.twimg.com/media/EqBa61SXEAAdil0.jpg,,,,,,,[],,,,
1341906220542783488,1341906220542783488,2020-12-23 19:39:09 Eastern Standard Time,2020-12-23,19:39:09,-0400,22940219,eminem,Marshall Mathers,,No bats were harmed during the making of the #Gnat video!  Check the gallery for when @LyricaLemonade came through Detroit to shoot #gnat! We‚Äôre also giving away some of the props from the video. Hit the site -  https://t.co/ALFVsi72KR  https://t.co/c9icIFTeFm,en,"[{'screen_name': 'lyricalemonade', 'name': 'lyrical lemonade', 'id': '1859316974'}]",['http://shady.sr/GNAT'],['https://pbs.twimg.com/media/Ep9okbQW8AA9hU1.jpg'],551,2158,21306,"['gnat', 'gnat']",[],https://twitter.com/Eminem/status/1341906220542783488,False,,1,https://pbs.twimg.com/media/Ep9okbQW8AA9hU1.jpg,,,,,,,[],,,,
1341087042915213313,1341087042915213313,2020-12-21 13:24:01 Eastern Standard Time,2020-12-21,13:24:01,-0400,22940219,eminem,Marshall Mathers,,"""It's Music to Be Murdered By again, why stop?"" @AppleMusic #MTBMB  https://t.co/Ebt0AqnCk2  https://t.co/3KrUfRKfq4",en,"[{'screen_name': 'applemusic', 'name': 'apple music', 'id': '74580436'}]",['https://smarturl.it/MTBMBDLX'],[],846,2759,22554,['mtbmb'],[],https://twitter.com/Eminem/status/1341087042915213313,False,,1,https://pbs.twimg.com/ext_tw_video_thumb/1341085653971427328/pu/img/rg_rJRk7zzcYVrpO.jpg,,,,,,,[],,,,
1340799433076781058,1340799433076781058,2020-12-20 18:21:10 Eastern Standard Time,2020-12-20,18:21:10,-0400,22940219,eminem,Marshall Mathers,,"""Higher than @SHAQ on his tiptoes"" @Spotify #MTBMB  https://t.co/Ebt0AqnCk2  https://t.co/JzDGpNGUXK",en,"[{'screen_name': 'shaq', 'name': 'shaq', 'id': '17461978'}, {'screen_name': 'spotify', 'name': 'spotify', 'id': '17230018'}]",['https://smarturl.it/MTBMBDLX'],['https://pbs.twimg.com/media/Ept58cDXIAA_nQu.jpg'],956,4381,36669,['mtbmb'],[],https://twitter.com/Eminem/status/1340799433076781058,False,,1,https://pbs.twimg.com/media/Ept58cDXIAA_nQu.jpg,,,,,,,[],,,,
1340063747629563907,1340063747629563907,2020-12-18 17:37:49 Eastern Standard Time,2020-12-18,17:37:49,-0400,22940219,eminem,Marshall Mathers,,"""Earn it just to burn it, swag drippin' from me""  Cop the new #MTBMB - Side B vinyl/CD with exclusive cover and merch on my site.   https://t.co/yQbr2vHl1K  https://t.co/4wfMV2WLWc",en,[],['http://shady.sr/MTBMBSideB_MerchTW'],['https://pbs.twimg.com/media/EpjcigRWMAAq0H5.jpg'],639,1852,20890,['mtbmb'],[],https://twitter.com/Eminem/status/1340063747629563907,False,,1,https://pbs.twimg.com/media/EpjcigRWMAAq0H5.jpg,,,,,,,[],,,,
1339807210554179584,1339807210554179584,2020-12-18 00:38:26 Eastern Standard Time,2020-12-18,00:38:26,-0400,22940219,eminem,Marshall Mathers,,‚ÄúLike tryin to fight off a #GNAT‚Äù music video with @LyricaLemonade directed by @_ColeBennett_   https://t.co/1wiyLkI6W0,en,"[{'screen_name': 'lyricalemonade', 'name': 'lyrical lemonade', 'id': '1859316974'}, {'screen_name': '_colebennett_', 'name': 'cole bennett', 'id': '237875746'}]",['https://youtu.be/EosMazKaPbU'],[],979,5332,31187,['gnat'],[],https://twitter.com/Eminem/status/1339807210554179584,False,,0,,,,,,,,[],,,,
1339799237605900288,1339799237605900288,2020-12-18 00:06:45 Eastern Standard Time,2020-12-18,00:06:45,-0400,22940219,eminem,Marshall Mathers,,Uncle Alfred heard you screaming for more... enjoy Side B.  https://t.co/Ebt0AqnCk2  https://t.co/xCu4nueIvP,en,[],['https://smarturl.it/MTBMBDLX'],['https://pbs.twimg.com/media/EpfsHwUXUAEZeLf.jpg'],8980,29631,127738,[],[],https://twitter.com/Eminem/status/1339799237605900288,False,,1,https://pbs.twimg.com/media/EpfsHwUXUAEZeLf.jpg,,,,,,,[],,,,
1337198331676815364,1337198331676815364,2020-12-10 19:51:40 Eastern Standard Time,2020-12-10,19:51:40,-0400,22940219,eminem,Marshall Mathers,,Wish a happy bday 2 the lead singer of My Band @KunivaD12!,en,"[{'screen_name': 'kunivad12', 'name': 'üèÅkuniva of d12 üèÅ', 'id': '117487209'}]",[],[],893,1567,33259,[],[],https://twitter.com/Eminem/status/1337198331676815364,False,,0,,,,,,,,[],,,,
1336850396925616130,1336850396925616130,2020-12-09 20:49:06 Eastern Standard Time,2020-12-09,20:49:06,-0400,22940219,eminem,Marshall Mathers,,Whatever it takes to get @WS_Boogie to drop! @FORTKNOXLIVE,en,"[{'screen_name': 'ws_boogie', 'name': 'westside boogie', 'id': '44787973'}, {'screen_name': 'fortknoxlive', 'name': 'fort knox', 'id': '71504524'}]",[],[],329,1016,12277,[],[],https://twitter.com/Eminem/status/1336850396925616130,False,https://twitter.com/WS_Boogie/status/1336841483207360512,0,,,,,,,,[],,,,
1335999017726177280,1335999017726177280,2020-12-07 12:26:02 Eastern Standard Time,2020-12-07,12:26:02,-0400,22940219,eminem,Marshall Mathers,,Wish a happy birthday to 1 of my most talented and long time friends @mRpOrTeR7!,en,"[{'screen_name': 'mrporter7', 'name': 'bro j simpson', 'id': '31069911'}]",[],[],819,1306,26853,[],[],https://twitter.com/Eminem/status/1335999017726177280,False,,0,,,,,,,,[],,,,
1335594207759773698,1335594207759773698,2020-12-06 09:37:27 Eastern Standard Time,2020-12-06,09:37:27,-0400,22940219,eminem,Marshall Mathers,,"You fucked up, Stu...",en,[],[],[],2424,18008,113294,[],[],https://twitter.com/Eminem/status/1335594207759773698,False,https://twitter.com/nbcsnl/status/1335457082942889985,0,,,,,,,,[],,,,
1333892188229554181,1333892188229554181,2020-12-01 16:54:14 Eastern Standard Time,2020-12-01,16:54:14,-0400,22940219,eminem,Marshall Mathers,,"Happy b day 2 @triggertreach 1 of the greatest rappers of all time!!..I‚Äôm still tryin 2 catch up 2 the greatness of the last vs on ""Craziest""!!!",en,"[{'screen_name': 'triggertreach', 'name': 'treach', 'id': '264421092'}]",[],[],668,1178,19499,[],[],https://twitter.com/Eminem/status/1333892188229554181,False,,0,,,,,,,,[],,,,
1332143250401091584,1332143250401091584,2020-11-26 21:04:35 Eastern Standard Time,2020-11-26,21:04:35,-0400,22940219,eminem,Marshall Mathers,,.@DBGDetroit needs your support to continue to help knockout COVID in Detroit- the MMF x DBG #Stan #MMLP20 collab on @Carhartt gear to raise funds is available for Black Friday starting now!  https://t.co/Sulsx44qqE  https://t.co/crGoQHMkOb,en,"[{'screen_name': 'dbgdetroit', 'name': 'downtownboxinggym', 'id': '263172219'}, {'screen_name': 'carhartt', 'name': 'carhartt', 'id': '14934247'}]",['http://shady.sr/MMFxDBGCapsuleTW'],['https://pbs.twimg.com/media/EnyyQUQWMAYmmZt.jpg'],322,977,10692,"['stan', 'mmlp20']",[],https://twitter.com/Eminem/status/1332143250401091584,False,,1,https://pbs.twimg.com/media/EnyyQUQWMAYmmZt.jpg,,,,,,,[],,,,
1331760473864278016,1331760473864278016,2020-11-25 19:43:34 Eastern Standard Time,2020-11-25,19:43:34,-0400,22940219,eminem,Marshall Mathers,,WTF- who did this?  https://t.co/CLqGZba96Z,en,[],[],[],3142,17377,127189,[],[],https://twitter.com/Eminem/status/1331760473864278016,False,,1,https://pbs.twimg.com/ext_tw_video_thumb/1331758868523851776/pu/img/BCo62e1LfKDStGtW.jpg,,,,,,,[],,,,
1331341407278280710,1331341407278280710,2020-11-24 15:58:21 Eastern Standard Time,2020-11-24,15:58:21,-0400,22940219,eminem,Marshall Mathers,,So happy for @Royceda59 and @Alchemist on their Grammy rap album of the year noms! Seems like @RecordingAcad might be starting to get it right.  https://t.co/osRO36B6VU,en,"[{'screen_name': 'royceda59', 'name': 'nickle', 'id': '18220386'}, {'screen_name': 'alchemist', 'name': 'alchemist type beat', 'id': '20647266'}, {'screen_name': 'recordingacad', 'name': 'recording academy / grammys', 'id': '17243213'}]",[],['https://pbs.twimg.com/media/EnnciV_W8AYW6fY.jpg'],861,2490,27525,[],[],https://twitter.com/Eminem/status/1331341407278280710,False,,1,https://pbs.twimg.com/media/EnnciV_W8AYW6fY.jpg,,,,,,,[],,,,
1323304002285654016,1323304002285654016,2020-11-02 11:40:34 Eastern Standard Time,2020-11-02,11:40:34,-0400,22940219,eminem,Marshall Mathers,,One opportunity... #Vote  https://t.co/sCUhq4dvAN,en,[],['https://youtu.be/5p3iMZBzW7M'],[],4648,26408,113171,['vote'],[],https://twitter.com/Eminem/status/1323304002285654016,False,,0,,,,,,,,[],,,,
1321883004566982658,1321883004566982658,2020-10-29 14:34:02 Eastern Daylight Time,2020-10-29,14:34:02,-0400,22940219,eminem,Marshall Mathers,,‚ÄúThis will be the last package I ever send your ass‚Äù #MMLP20 Capsule Live -  https://t.co/rniTC6KScx  https://t.co/msjumcHPL1,en,[],['http://shady.SR/MMLP20CapsuleTW'],['https://pbs.twimg.com/media/ElhA_p5XIAUKDVR.jpg'],662,1453,18919,['mmlp20'],[],https://twitter.com/Eminem/status/1321883004566982658,False,,1,https://pbs.twimg.com/media/ElhA_p5XIAUKDVR.jpg,,,,,,,[],,,,
1321838986906816513,1321838986906816513,2020-10-29 11:39:07 Eastern Daylight Time,2020-10-29,11:39:07,-0400,22940219,eminem,Marshall Mathers,,"Another safe way to vote! @MakeHistoryHere rallied with the @NBA, @MLB, @NFL, @NHL and @MLS to open up arenas and stadiums for safer voting - their site has all the info -  https://t.co/MSn6jW2R9S  https://t.co/y5Ys52zSi7",en,"[{'screen_name': 'makehistoryhere', 'name': 'vote at an election super center', 'id': '1296431165625307140'}, {'screen_name': 'nba', 'name': 'nba', 'id': '19923144'}, {'screen_name': 'mlb', 'name': 'mlb', 'id': '18479513'}, {'screen_name': 'nfl', 'name': 'nfl', 'id': '19426551'}, {'screen_name': 'nhl', 'name': 'nhl', 'id': '50004938'}, {'screen_name': 'mls', 'name': 'major league soccer', 'id': '107146095'}]",['http://makehistoryhere.org'],[],387,1551,14700,[],[],https://twitter.com/Eminem/status/1321838986906816513,False,,1,https://pbs.twimg.com/ext_tw_video_thumb/1321838689539006464/pu/img/SoyNs8Sa0UfsfC_F.jpg,,,,,,,[],,,,
1321136688329039872,1321136688329039872,2020-10-27 13:08:26 Eastern Daylight Time,2020-10-27,13:08:26,-0400,22940219,eminem,Marshall Mathers,,Paul wants to hear your bars but they better be good üíÄ TRUST ME.  Hit up @rosenberg via the @audiomack  #STAMPED contest and learn more on their site -  https://t.co/HJmqtXPenp  https://t.co/JcZ3p0HkrP,en,"[{'screen_name': 'rosenberg', 'name': 'paul bunyan rosenberg', 'id': '15914468'}, {'screen_name': 'audiomack', 'name': 'audiomack', 'id': '395443213'}]",['http://stamped.audiomack.com'],['https://pbs.twimg.com/media/ElWdF73WkAAvahc.jpg'],656,1211,11978,['stamped'],[],https://twitter.com/Eminem/status/1321136688329039872,False,,1,https://pbs.twimg.com/media/ElWdF73WkAAvahc.jpg,,,,,,,[],,,,
1320851430912217088,1320851430912217088,2020-10-26 18:14:56 Eastern Daylight Time,2020-10-26,18:14:56,-0400,22940219,eminem,Marshall Mathers,,"""May I have your attention please?"" #MMLP20 capsule hits the store Thursday - sign up for first access.  https://t.co/SmgPZjA341  https://t.co/I2wT6mdi5X",en,[],['http://shady.SR/MMLP20SignupTW'],[],854,4123,34658,['mmlp20'],[],https://twitter.com/Eminem/status/1320851430912217088,False,,1,https://pbs.twimg.com/ext_tw_video_thumb/1320800261376495620/pu/img/hSwgu83P-YscbhZX.jpg,,,,,,,[],,,,
1320501718430470144,1320501718430470144,2020-10-25 19:05:18 Eastern Daylight Time,2020-10-25,19:05:18,-0400,22940219,eminem,Marshall Mathers,,My concert DJ and cohort @Alchemist just dropped his new project The Food Villain - hit up ALC Records to pick it up!  https://t.co/pmG6V7JyTh  https://t.co/RCSLZLIKIL,en,"[{'screen_name': 'alchemist', 'name': 'alchemist type beat', 'id': '20647266'}]",['http://alcrecords.com'],['https://pbs.twimg.com/media/ElMoMSFXIAkMyJg.jpg'],369,1250,14068,[],[],https://twitter.com/Eminem/status/1320501718430470144,False,,1,https://pbs.twimg.com/media/ElMoMSFXIAkMyJg.jpg,,,,,,,[],,,,
1320050734059147265,1320050734059147265,2020-10-24 13:13:15 Eastern Daylight Time,2020-10-24,13:13:15,-0400,22940219,eminem,Marshall Mathers,,Hit your favorite record shop to get the all-NEW @recordstoreday exclusive My Name Is / Bad Guys Always Die 7‚Äù - their site has all participating stores¬† https://t.co/kUvWXdkQFk  https://t.co/siapCSqsLP,en,"[{'screen_name': 'recordstoreday', 'name': 'record store day', 'id': '20197768'}]",['http://recordstoreday.com'],['https://pbs.twimg.com/media/ElG403ZXgAAkZBm.jpg'],485,1745,18929,[],[],https://twitter.com/Eminem/status/1320050734059147265,False,,1,https://pbs.twimg.com/media/ElG403ZXgAAkZBm.jpg,,,,,,,[],,,,
1319778754999296001,1319778754999296001,2020-10-23 19:12:30 Eastern Daylight Time,2020-10-23,19:12:30,-0400,22940219,eminem,Marshall Mathers,,"#DETROIT @WhenWeAllVote is making dropping off your ballot so easy tomorrow - free food, local dj‚Äôs and more at the ballot drop-off location at Henry Ford @DetroitPistons  Performance arena!  Hit the link for more info   https://t.co/A2x9BTdEAo  https://t.co/7YaLzcmRlB",en,"[{'screen_name': 'whenweallvote', 'name': 'when we all vote', 'id': '1004804740105035777'}, {'screen_name': 'detroitpistons', 'name': 'detroit pistons', 'id': '16727749'}]",['http://weall.vote/detroit'],['https://pbs.twimg.com/media/ElDLpasXEAUhFlX.jpg'],627,1702,16971,['detroit'],[],https://twitter.com/Eminem/status/1319778754999296001,False,,1,https://pbs.twimg.com/media/ElDLpasXEAUhFlX.jpg,,,,,,,[],,,,
1307524152459395075,1307524152459395075,2020-09-19 23:37:05 Eastern Daylight Time,2020-09-19,23:37:05,-0400,22940219,eminem,Marshall Mathers,,"Proud of Matt for writing this, everyone needs to use their platform to speak out. #BlackLivesMatter  https://t.co/OiELMK1qM9",en,[],['https://www.theplayerstribune.com/en-us/articles/matthew-stafford-detroit-lions-nfl-racial-injustice'],[],1107,5372,38161,['blacklivesmatter'],[],https://twitter.com/Eminem/status/1307524152459395075,False,,0,,,,,,,,[],,,,
1301909628163362818,1301909628163362818,2020-09-04 11:46:58 Eastern Daylight Time,2020-09-04,11:46:58,-0400,22940219,eminem,Marshall Mathers,,So happy to be a part of the sequel- @BigSean #Detroit2 #fridaynightcypher  https://t.co/S4sge6wAqd  https://t.co/Q83N1CXj5R,en,"[{'screen_name': 'bigsean', 'name': 'sean don', 'id': '17915334'}]",['https://bigsean.lnk.to/Detroit2'],['https://pbs.twimg.com/media/EhFOgzTXcAEkFOV.jpg'],1349,6825,58955,"['detroit2', 'fridaynightcypher']",[],https://twitter.com/Eminem/status/1301909628163362818,False,,1,https://pbs.twimg.com/media/EhFOgzTXcAEkFOV.jpg,,,,,,,[],,,,
1296262014650798080,1296262014650798080,2020-08-19 21:45:22 Eastern Daylight Time,2020-08-19,21:45:22,-0400,22940219,eminem,Marshall Mathers,,Honored to be @YoungMAMusic‚Äôs first guest on her new radio show- check it out! @applemusic  https://t.co/ve0lTS0gzn  https://t.co/FmsenjCExf,en,"[{'screen_name': 'youngmamusic', 'name': 'young m.a', 'id': '2559007308'}, {'screen_name': 'applemusic', 'name': 'apple music', 'id': '74580436'}]",['https://music.apple.com/us/curator/me-always-radio/1513640144'],['https://pbs.twimg.com/media/Ef09lDyX0AAvRp8.jpg'],752,3006,28415,[],[],https://twitter.com/Eminem/status/1296262014650798080,False,,1,https://pbs.twimg.com/media/Ef09lDyX0AAvRp8.jpg,,,,,,,[],,,,
1292652388294234112,1292652388294234112,2020-08-09 22:42:00 Eastern Daylight Time,2020-08-09,22:42:00,-0400,22940219,eminem,Marshall Mathers,,Vote for Sway!,en,[],[],[],717,3140,32157,[],[],https://twitter.com/Eminem/status/1292652388294234112,False,https://twitter.com/ShadyRecords/status/1292465781779963904,0,,,,,,,,[],,,,
1291523154385539072,1291523154385539072,2020-08-06 19:54:50 Eastern Daylight Time,2020-08-06,19:54:50,-0400,22940219,eminem,Marshall Mathers,,"""This is just the song to go ballistic on"" ü¶ñ the soundtrack for #UFC4 just dropped -  https://t.co/4yotS2c9Qt #Godzilla  https://t.co/F0EuRyXSOY",en,[],['https://sptfy.com/55ut'],['https://pbs.twimg.com/media/EexnxmRXkAErUdA.jpg'],783,3773,33216,"['ufc4', 'godzilla']",[],https://twitter.com/Eminem/status/1291523154385539072,False,,1,https://pbs.twimg.com/media/EexnxmRXkAErUdA.jpg,,,,,,,[],,,,
1282745478019518469,1282745478019518469,2020-07-13 14:35:28 Eastern Daylight Time,2020-07-13,14:35:28,-0400,22940219,eminem,Marshall Mathers,,"‚ÄúFuck's going on, man?‚Äù @KidCudi  #TheAdventuresOfMoonManAndSlimShady stream now -  https://t.co/z1uAjXEs6f  https://t.co/XoF9zrtuVe",en,"[{'screen_name': 'kidcudi', 'name': 'the chosen one', 'id': '243287822'}]",['http://shady.sr/MoonManSlimShady'],[],1523,6932,42991,['theadventuresofmoonmanandslimshady'],[],https://twitter.com/Eminem/status/1282745478019518469,False,,1,https://pbs.twimg.com/ext_tw_video_thumb/1282738273933197312/pu/img/FMJA2vcQbWCeYX5s.jpg,,,,,,,[],,,,
1282047472387403776,1282047472387403776,2020-07-11 16:21:51 Eastern Daylight Time,2020-07-11,16:21:51,-0400,22940219,eminem,Marshall Mathers,,"Me and moon man got vinyl, cassettes and merch for our collab @kidcudi -  https://t.co/0end22ERri  https://t.co/qN2wNcDrN4",en,"[{'screen_name': 'kidcudi', 'name': 'the chosen one', 'id': '243287822'}]",['http://shop.kidcudi.com'],['https://pbs.twimg.com/media/Ecq_VygXYAEsYho.png'],813,2585,27031,[],[],https://twitter.com/Eminem/status/1282047472387403776,False,,1,https://pbs.twimg.com/media/Ecq_VygXYAEsYho.png,,,,,,,[],,,,
1281612896305393664,1281612896305393664,2020-07-10 11:35:00 Eastern Daylight Time,2020-07-10,11:35:00,-0400,22940219,eminem,Marshall Mathers,,Hazmat suit rap @KidCudi  #TheAdventuresOfMoonManAndSlimShady stream now -  https://t.co/j6BTJG56uA  https://t.co/b3szeequnt,en,"[{'screen_name': 'kidcudi', 'name': 'the chosen one', 'id': '243287822'}]",['https://kidcudi.lnk.to/TAOMMASS'],[],1214,7859,39440,['theadventuresofmoonmanandslimshady'],[],https://twitter.com/Eminem/status/1281612896305393664,False,,1,https://pbs.twimg.com/ext_tw_video_thumb/1281611195301220353/pu/img/XTe08tuiYT_mUvJ6.jpg,,,,,,,[],,,,
1281292119806636034,1281292119806636034,2020-07-09 14:20:21 Eastern Daylight Time,2020-07-09,14:20:21,-0400,22940219,eminem,Marshall Mathers,,Me and Moon Man @KidCudi got something coming tonight!  https://t.co/qESgJbdYLK,en,"[{'screen_name': 'kidcudi', 'name': 'the chosen one', 'id': '243287822'}]",[],['https://pbs.twimg.com/media/EcgP4SSXQAAjh_z.jpg'],2724,23095,129225,[],[],https://twitter.com/Eminem/status/1281292119806636034,False,,1,https://pbs.twimg.com/media/EcgP4SSXQAAjh_z.jpg,,,,,,,[],,,,
1275944530257358848,1275944530257358848,2020-06-24 20:10:56 Eastern Daylight Time,2020-06-24,20:10:56,-0400,22940219,eminem,Marshall Mathers,,In response to @revolttv...  https://t.co/XrFJi2BZDy,es,"[{'screen_name': 'revolttv', 'name': 'revolt', 'id': '16259251'}]",[],['https://pbs.twimg.com/media/EbUQxuzXkAMOC8k.png'],1764,4538,47464,[],[],https://twitter.com/Eminem/status/1275944530257358848,False,,1,https://pbs.twimg.com/media/EbUQxuzXkAMOC8k.png,,,,,,,[],,,,
1275438932046430208,1275438932046430208,2020-06-23 10:41:52 Eastern Daylight Time,2020-06-23,10:41:52,-0400,22940219,eminem,Marshall Mathers,,STOP HAVING A BORING LIFE! üí•üíøüí•Revisit the #EmWow with @realvinceoffer video on the site -  https://t.co/NXTYVvEaGA #RECOVERY10  https://t.co/PHuEEWgkoY,en,"[{'screen_name': 'realvinceoffer', 'name': 'vince offer', 'id': '160708095'}]",['http://shady.SR/Recovery10TW'],[],574,3026,23409,"['emwow', 'recovery10']",[],https://twitter.com/Eminem/status/1275438932046430208,False,,1,https://pbs.twimg.com/ext_tw_video_thumb/1275429416865333248/pu/img/GdM08XVJQxuGtz3x.jpg,,,,,,,[],,,,
1275191109300477952,1275191109300477952,2020-06-22 18:17:07 Eastern Daylight Time,2020-06-22,18:17:07,-0400,22940219,eminem,Marshall Mathers,,#NotAfraid #Recovery10 Hit the store for limited 24-hr 10th anniversary merch -  https://t.co/NXTYVvVM5a  https://t.co/HCICessshA,en,[],['http://shady.SR/Recovery10TW'],[],856,4521,30632,"['notafraid', 'recovery10']",[],https://twitter.com/Eminem/status/1275191109300477952,False,,1,https://pbs.twimg.com/ext_tw_video_thumb/1275182609157492738/pu/img/IGEKsSTAk0mF8NeC.jpg,,,,,,,[],,,,
1275145853179658245,1275145853179658245,2020-06-22 15:17:17 Eastern Daylight Time,2020-06-22,15:17:17,-0400,22940219,eminem,Marshall Mathers,,Really happy and lucky to have @Royceda59 on board with the #MarshallMathersFoundation to help us reach new goals. Read more on the site.  https://t.co/biVUFjGPUF  https://t.co/TqvSAkqm0O,en,"[{'screen_name': 'royceda59', 'name': 'nickle', 'id': '18220386'}]",['http://shady.sr/Royceda59MMF'],['https://pbs.twimg.com/media/EbI6ADLXkAAfsQy.jpg'],507,2319,22405,['marshallmathersfoundation'],[],https://twitter.com/Eminem/status/1275145853179658245,False,,1,https://pbs.twimg.com/media/EbI6ADLXkAAfsQy.jpg,,,,,,,[],,,,
1273778924036796417,1273778924036796417,2020-06-18 20:45:35 Eastern Daylight Time,2020-06-18,20:45:35,-0400,22940219,eminem,Marshall Mathers,,"""Music is my time machine"" ‚ö°Ô∏èÔ∏è#RECOVERY10 more coming Monday!  https://t.co/pZPVA2yOpU",en,[],[],[],2159,14473,81607,['recovery10'],[],https://twitter.com/Eminem/status/1273778924036796417,False,,1,https://pbs.twimg.com/ext_tw_video_thumb/1273727594874183681/pu/img/p9Qs_qEl5I1gnNKY.jpg,,,,,,,[],,,,
1272018974151266306,1271983072641200132,2020-06-14 00:12:11 Eastern Daylight Time,2020-06-14,00:12:11,-0400,22940219,eminem,Marshall Mathers,,"@NoLifeShaq Plus redman, LL, nas, joyner, kendrick, cole, andre, rakim, kane...",en,[],[],[],1182,3557,28661,[],[],https://twitter.com/Eminem/status/1272018974151266306,False,,0,,,,,,,,"[{'screen_name': 'NoLifeShaq', 'name': 'NoLifeShaq', 'id': '336106103'}]",,,,
1272018579609849856,1271983072641200132,2020-06-14 00:10:36 Eastern Daylight Time,2020-06-14,00:10:36,-0400,22940219,eminem,Marshall Mathers,,"@NoLifeShaq For me, in no particular order... Toss up between wayne, pac, royce, jay, redman, treach, g. rap, biggie &amp; king crook....",en,[],[],[],1231,4393,29361,[],[],https://twitter.com/Eminem/status/1272018579609849856,False,,0,,,,,,,,"[{'screen_name': 'NoLifeShaq', 'name': 'NoLifeShaq', 'id': '336106103'}]",,,,
1266911177688350723,1266911177688350723,2020-05-30 21:55:37 Eastern Daylight Time,2020-05-30,21:55:37,-0400,22940219,eminem,Marshall Mathers,,I‚Äôm with @killermike on this one. Incredibly well done.   https://t.co/zeTQYqyk9H,en,"[{'screen_name': 'killermike', 'name': 'killer mike', 'id': '21265120'}]",['https://www.rollingstone.com/music/music-news/killer-mike-speech-atlanta-protestors-press-conference-1007816/'],[],950,10066,67515,[],[],https://twitter.com/Eminem/status/1266911177688350723,False,,0,,,,,,,,[],,,,
1266869656532520961,1266869656532520961,2020-05-30 19:10:38 Eastern Daylight Time,2020-05-30,19:10:38,-0400,22940219,eminem,Marshall Mathers,,Unity in Detroit is more important than ever. #EverybodyVsCovid19 tune in to @cityofdetroit now -  https://t.co/aXf0ck66JS  https://t.co/RySppEQnhY,en,"[{'screen_name': 'cityofdetroit', 'name': 'city of detroit', 'id': '2735086795'}]",['https://youtu.be/5rCkULqi81s'],['https://pbs.twimg.com/media/EZTTE1JXkAQlG5s.jpg'],334,1565,14578,['everybodyvscovid19'],[],https://twitter.com/Eminem/status/1266869656532520961,False,,1,https://pbs.twimg.com/media/EZTTE1JXkAQlG5s.jpg,,,,,,,[],,,,
1266458031107301379,1266458031107301379,2020-05-29 15:54:58 Eastern Daylight Time,2020-05-29,15:54:58,-0400,22940219,eminem,Marshall Mathers,,Speak up #untouchable  https://t.co/GxxfjwlFd0  https://t.co/6TgtZ3Voon,en,[],['https://Eminem.lnk.to/EMUntouchable'],['https://pbs.twimg.com/media/EZNcuwhXQAAE3HJ.jpg'],1237,8392,49777,['untouchable'],[],https://twitter.com/Eminem/status/1266458031107301379,False,,1,https://pbs.twimg.com/media/EZNcuwhXQAAE3HJ.jpg,,,,,,,[],,,,
1266084117894107140,1266084117894107140,2020-05-28 15:09:11 Eastern Daylight Time,2020-05-28,15:09:11,-0400,22940219,eminem,Marshall Mathers,,"‚ÄúSometimes I wanna get on TV and just let loose But can't, but it's cool for @tomgreenlive to hump a dead moose‚Äù - MMLP music videos newly remastered in HD on the site! #MMLP20  https://t.co/Gc0a4dxJql @youtubemusic  https://t.co/eJK0ML4KB4",en,"[{'screen_name': 'tomgreenlive', 'name': 'tom green', 'id': '18519661'}, {'screen_name': 'youtubemusic', 'name': 'youtube music', 'id': '880142286176231425'}]",['http://shady.sr/MMLPRemasteredVids'],[],571,3128,23171,['mmlp20'],[],https://twitter.com/Eminem/status/1266084117894107140,False,,1,https://pbs.twimg.com/ext_tw_video_thumb/1266081506193281024/pu/img/PorV-56cFMdgjI2Y.jpg,,,,,,,[],,,,
1265761918347808770,1265761918347808770,2020-05-27 17:48:52 Eastern Daylight Time,2020-05-27,17:48:52,-0400,22940219,eminem,Marshall Mathers,,Sincerely yours #MMLP20 #STAN  https://t.co/DczB7IdK2s  https://t.co/20wF1rhtlf,en,[],['http://shady.sr/MMLP20StanHoodie'],"['https://pbs.twimg.com/media/EZDjRs8XsAAJgRg.jpg', 'https://pbs.twimg.com/media/EZDjTY7X0AIZeZo.jpg']",550,2390,23566,"['mmlp20', 'stan']",[],https://twitter.com/Eminem/status/1265761918347808770,False,,1,https://pbs.twimg.com/media/EZDjRs8XsAAJgRg.jpg,,,,,,,[],,,,
1265651643565162496,1265651643565162496,2020-05-27 10:30:41 Eastern Daylight Time,2020-05-27,10:30:41,-0400,22940219,eminem,Marshall Mathers,,Listen to the live stream of The Marshall Mathers LP on the site - I'll be in the chat! 3PM ET  https://t.co/daX27QTFby  https://t.co/DZEc4gq03j,en,[],['http://shady.sr/MMLP20Anniversary'],[],552,3426,23564,[],[],https://twitter.com/Eminem/status/1265651643565162496,False,,1,https://pbs.twimg.com/ext_tw_video_thumb/1265649278330028032/pu/img/wwq-6dfxw_DzJ3yc.jpg,,,,,,,[],,,,
1265299220711514118,1265299220711514118,2020-05-26 11:10:16 Eastern Daylight Time,2020-05-26,11:10:16,-0400,22940219,eminem,Marshall Mathers,,I'm in the live chat for #MMLP20 tomorrow at 3 PM ET and we're droppin this hoodie for the Stans - text my number to get first access and an update on the live chat 313-666-7440 #MMLP20 #DearSlim  https://t.co/NwGJHmZRvM  https://t.co/FCOxqduSwM,en,[],['https://my.community.com/eminem'],['https://pbs.twimg.com/media/EY8-qNYXsAAXToJ.jpg'],609,1872,15194,"['mmlp20', 'mmlp20', 'dearslim']",[],https://twitter.com/Eminem/status/1265299220711514118,False,,1,https://pbs.twimg.com/media/EY8-qNYXsAAXToJ.jpg,,,,,,,[],,,,
1264965581473828864,1264965581473828864,2020-05-25 13:04:31 Eastern Daylight Time,2020-05-25,13:04:31,-0400,22940219,eminem,Marshall Mathers,,"""Dear Stan, I meant to write you sooner, but I just been busy"" text me, ill hit you back - ‚òéÔ∏è 313-666-7440  #MMLP20 #DearSlim  https://t.co/NwGJHmZRvM  https://t.co/e44VLXvOfb",en,[],['https://my.community.com/eminem'],[],1575,8916,48510,"['mmlp20', 'dearslim']",[],https://twitter.com/Eminem/status/1264965581473828864,False,,1,https://pbs.twimg.com/ext_tw_video_thumb/1264955312907472896/pu/img/Aj-QBosSzzEnqS89.jpg,,,,,,,[],,,,
1264232431554646016,1264232431554646016,2020-05-23 12:31:14 Eastern Daylight Time,2020-05-23,12:31:14,-0400,22940219,eminem,Marshall Mathers,,"#MMLP20 ""I used to give a fuck / now I could give a fuck less""  Stan drop, Listening Party and I got a new number ‚òéÔ∏è - hit the site for more info on the 20th Anniversary of The Marshall Mathers LP -  https://t.co/7gCFWIUuDn  https://t.co/jPBFP2WacE",en,[],['http://shady.sr/MMLP20AnniversaryTW'],[],1131,7520,37212,['mmlp20'],[],https://twitter.com/Eminem/status/1264232431554646016,False,,1,https://pbs.twimg.com/ext_tw_video_thumb/1264214742161375232/pu/img/BJL-Nah5QOJuENoC.jpg,,,,,,,[],,,,
1261345913777336320,1261345913777336320,2020-05-15 13:21:15 Eastern Daylight Time,2020-05-15,13:21:15,-0400,22940219,eminem,Marshall Mathers,,üíä For old time's sake! #Relapse11  https://t.co/MKtPPNBm9D,en,[],[],[],1536,9728,57319,['relapse11'],[],https://twitter.com/Eminem/status/1261345913777336320,False,,1,https://pbs.twimg.com/ext_tw_video_thumb/1261345837969530880/pu/img/0Npd08-991RjfKFR.jpg,,,,,,,[],,,,
1259224567945605127,1259224567945605127,2020-05-09 16:51:46 Eastern Daylight Time,2020-05-09,16:51:46,-0400,22940219,eminem,Marshall Mathers,,Thanks to @jack for hittin us up on @liltunechi‚Äôs #YoungMoneyRadio @Beats1 and supporting the #MarshallMathersFoundation and #Detroit in a big way!  https://t.co/4s9FMXzaBs,en,"[{'screen_name': 'jack', 'name': 'jack', 'id': '12'}, {'screen_name': 'liltunechi', 'name': 'lil wayne weezy f', 'id': '116362700'}, {'screen_name': 'beats1', 'name': 'beats 1', 'id': '2204034272'}]",[],[],439,2406,19449,"['youngmoneyradio', 'marshallmathersfoundation', 'detroit']",[],https://twitter.com/Eminem/status/1259224567945605127,False,,1,https://pbs.twimg.com/ext_tw_video_thumb/1259224207516467201/pu/img/hF94VII6_-yLSSVA.jpg,,,,,,,[],,,,
1258859537936846848,1258859537936846848,2020-05-08 16:41:16 Eastern Daylight Time,2020-05-08,16:41:16,-0400,22940219,eminem,Marshall Mathers,,"""Set fire to the mic and ignite the crowd"" üî• Hittin' #YoungMoneyRadio later to talk to @LilTunechi. Tune in at 7PM ET on @applemusic -  https://t.co/chPOLQa6Is  https://t.co/e952xUGTyo",en,"[{'screen_name': 'liltunechi', 'name': 'lil wayne weezy f', 'id': '116362700'}, {'screen_name': 'applemusic', 'name': 'apple music', 'id': '74580436'}]",['http://apple.co/youngmoney'],['https://pbs.twimg.com/media/EXhdaNyWAAAK3Dd.jpg'],514,2752,20801,['youngmoneyradio'],[],https://twitter.com/Eminem/status/1258859537936846848,False,,1,https://pbs.twimg.com/media/EXhdaNyWAAAK3Dd.jpg,,,,,,,[],,,,
1257862194101919744,1257862194101919744,2020-05-05 22:38:11 Eastern Daylight Time,2020-05-05,22:38:11,-0400,22940219,eminem,Marshall Mathers,,"Like he said: Get Rich or die tryin‚Äô!! Get my friend @50Cent‚Äôs new book Hustle Harder, Hustle Smarter to help learn how!  https://t.co/2S49lAorai  https://t.co/E9A5BdeAro",en,"[{'screen_name': '50cent', 'name': '50cent', 'id': '18222378'}]",['https://www.harpercollins.com/9780062953803/hustle-harder-hustle-smarter/'],['https://pbs.twimg.com/media/EXTS_GfXYAAh4cN.jpg'],711,3853,31557,[],[],https://twitter.com/Eminem/status/1257862194101919744,False,,1,https://pbs.twimg.com/media/EXTS_GfXYAAh4cN.jpg,,,,,,,[],,,,
1256646831230115841,1256646831230115841,2020-05-02 14:08:46 Eastern Daylight Time,2020-05-02,14:08:46,-0400,22940219,eminem,Marshall Mathers,,Michigan has some great DJ‚Äôs! Check out our home state winners of the #LoveYourDJ Shady Stimulus Package on @Shade45 this weekend!  https://t.co/Hap7d6kY6N,en,"[{'screen_name': 'shade45', 'name': 'shade45', 'id': '22829495'}]",[],['https://pbs.twimg.com/media/EXB9lGBXgAAjfrl.jpg'],328,1157,11798,['loveyourdj'],[],https://twitter.com/Eminem/status/1256646831230115841,False,,1,https://pbs.twimg.com/media/EXB9lGBXgAAjfrl.jpg,,,,,,,[],,,,
1256411896103796736,1256411896103796736,2020-05-01 22:35:13 Eastern Daylight Time,2020-05-01,22:35:13,-0400,22940219,eminem,Marshall Mathers,,Join me on @Shade45 &amp; listen to what I‚Äôm listening to on this lockdown! Starts Sat. @ 12PM EST - listen for free hit the link.  https://t.co/NfhCtFA9cM #MusictoBeQuarantinedBy #LoveYourDJ  https://t.co/RbCo8icwno,en,"[{'screen_name': 'shade45', 'name': 'shade45', 'id': '22829495'}]",['http://shady.sr/MTBQB'],['https://pbs.twimg.com/media/EW-rkJoXsAES3Dx.jpg'],488,2244,17773,"['musictobequarantinedby', 'loveyourdj']",[],https://twitter.com/Eminem/status/1256411896103796736,False,,1,https://pbs.twimg.com/media/EW-rkJoXsAES3Dx.jpg,,,,,,,[],,,,
1255543435672481794,1255543435672481794,2020-04-29 13:04:16 Eastern Daylight Time,2020-04-29,13:04:16,-0400,22940219,eminem,Marshall Mathers,,Cleanin‚Äô out my closet... donating extra pair of my @Jumpman23 @Carhartt 4‚Äôs along with a vintage T to @stockx. Proceeds go to the COVID-19 Solidarity Response Fund.  https://t.co/ejD56Gr6Gd  https://t.co/xeLoNhlINu,en,"[{'screen_name': 'jumpman23', 'name': 'jordan', 'id': '198975780'}, {'screen_name': 'carhartt', 'name': 'carhartt', 'id': '14934247'}, {'screen_name': 'stockx', 'name': 'stockx', 'id': '542642821'}]",['http://shady.sr/StockX'],['https://pbs.twimg.com/media/EWx4eh-WkAc5adk.jpg'],609,2403,17849,[],[],https://twitter.com/Eminem/status/1255543435672481794,False,,1,https://pbs.twimg.com/media/EWx4eh-WkAc5adk.jpg,,,,,,,[],,,,
1253710034376306689,1253710034376306689,2020-04-24 11:38:59 Eastern Daylight Time,2020-04-24,11:38:59,-0400,22940219,eminem,Marshall Mathers,,Hometown DJ‚Äôs! @shade45 and me linked up for #LoveYourDJ - first 500 get $313. Top 15 to get aired on Shade 45. #stimuluscheck #detroit Hit the link for info -  https://t.co/O9tHEFUTqk  https://t.co/H2noKVBHYD,en,"[{'screen_name': 'shade45', 'name': 'shade45', 'id': '22829495'}]",['http://shady.sr/loveyourdj'],['https://pbs.twimg.com/media/EWYSkjXWkAIUeAR.jpg'],265,1249,9707,"['loveyourdj', 'stimuluscheck', 'detroit']",[],https://twitter.com/Eminem/status/1253710034376306689,False,,1,https://pbs.twimg.com/media/EWYSkjXWkAIUeAR.jpg,,,,,,,[],,,,
1253684123107045378,1253684123107045378,2020-04-24 09:56:01 Eastern Daylight Time,2020-04-24,09:56:01,-0400,22940219,eminem,Marshall Mathers,,Hopping on with @realsway on @shade45 - tune in now!  #loveyourdj,en,"[{'screen_name': 'realsway', 'name': 'sway calloway', 'id': '45203497'}, {'screen_name': 'shade45', 'name': 'shade45', 'id': '22829495'}]",[],[],424,1793,19609,['loveyourdj'],[],https://twitter.com/Eminem/status/1253684123107045378,False,,0,,,,,,,,[],,,,
1252413011848880128,1252413011848880128,2020-04-20 21:45:05 Eastern Daylight Time,2020-04-20,21:45:05,-0400,22940219,eminem,Marshall Mathers,,"Clean dozen, in the books!  I‚Äôm not afraid.  https://t.co/g5Ww2gKoqF",en,[],[],['https://pbs.twimg.com/media/EWF2-JCUYAQvt1I.jpg'],6041,30946,320111,[],[],https://twitter.com/Eminem/status/1252413011848880128,False,,1,https://pbs.twimg.com/media/EWF2-JCUYAQvt1I.jpg,,,,,,,[],,,,
1249127832674017281,1249127832674017281,2020-04-11 20:10:57 Eastern Daylight Time,2020-04-11,20:10:57,-0400,22940219,eminem,Marshall Mathers,,They left their mark on the world... and me - permanently!  Check out @MisterCtoons and @Jokerbrand in their new doc LA ORIGINALS to see all about it!  https://t.co/G3tZYmY6AQ  https://t.co/S3FxlOTSvx,en,"[{'screen_name': 'misterctoons', 'name': 'mister cartoon', 'id': '113263147'}, {'screen_name': 'jokerbrand', 'name': 'estevan oriol', 'id': '20890263'}]",['https://www.netflix.com/title/80995284'],['https://pbs.twimg.com/media/EVXLElUXQAAb8JJ.jpg'],579,2671,24183,[],[],https://twitter.com/Eminem/status/1249127832674017281,False,,1,https://pbs.twimg.com/media/EVXLElUXQAAb8JJ.jpg,,,,,,,[],,,,
1247669482203512832,1247669482203512832,2020-04-07 19:35:59 Eastern Daylight Time,2020-04-07,19:35:59,-0400,22940219,eminem,Marshall Mathers,,"The @Shade45 crew can help keep you sane. Right now, you get Shade 45 for free, along with full @SIRIUSXM access!    https://t.co/uAJHAr3evv  https://t.co/hzP8kzVC4M",en,"[{'screen_name': 'shade45', 'name': 'shade45', 'id': '22829495'}, {'screen_name': 'siriusxm', 'name': 'siriusxm', 'id': '189258194'}]",['https://www.siriusxm.com/offers/free-listen'],['https://pbs.twimg.com/media/EVCbiGZWsAAPkP6.jpg'],599,2186,17308,[],[],https://twitter.com/Eminem/status/1247669482203512832,False,,1,https://pbs.twimg.com/media/EVCbiGZWsAAPkP6.jpg,,,,,,,[],,,,
1245803427147534338,1245803427147534338,2020-04-02 16:00:57 Eastern Daylight Time,2020-04-02,16:00:57,-0400,22940219,eminem,Marshall Mathers,,Forever the #GoodGuy. üíî @JessieReyez killed me on #Kamikaze and now I‚Äôm gettin‚Äô sweet revenge! #BeforeLoveCameToKillUs üî™ Hit the link to cop the collab tee -  https://t.co/6yxoErC37C #tbt  https://t.co/GWdeR7iwYW,en,"[{'screen_name': 'jessiereyez', 'name': 'entre cielo y tierra', 'id': '342292583'}]",['http://shop.jessiereyez.com'],['https://pbs.twimg.com/media/EUn6juKWsAINyDH.jpg'],526,2893,24065,"['goodguy', 'kamikaze', 'beforelovecametokillus', 'tbt']",[],https://twitter.com/Eminem/status/1245803427147534338,False,,1,https://pbs.twimg.com/media/EUn6juKWsAINyDH.jpg,,,,,,,[],,,,
1243552834592923650,1243552834592923650,2020-03-27 10:57:54 Eastern Daylight Time,2020-03-27,10:57:54,-0400,22940219,eminem,Marshall Mathers,,Me and @jessiereyez just keep offing each other... dammit!  Check out our new duet ‚ÄúCoffin‚Äù on her new album out now!  Love is in the air!  https://t.co/IP51bVKb07  https://t.co/KOle2v1hiy,en,"[{'screen_name': 'jessiereyez', 'name': 'entre cielo y tierra', 'id': '342292583'}]",['https://jessiereyez.lnk.to/BeforeLoveCameToKillUs'],[],761,5384,30186,[],[],https://twitter.com/Eminem/status/1243552834592923650,False,,1,https://pbs.twimg.com/ext_tw_video_thumb/1243551760016461827/pu/img/Tr45oSZCb6q7jX7g.jpg,,,,,,,[],,,,
1240798999298412546,1240798999298412546,2020-03-19 20:35:09 Eastern Daylight Time,2020-03-19,20:35:09,-0400,22940219,eminem,Marshall Mathers,,Me and @mRpOrTeR7 rolled through @hotboxinpodcast and I‚Äôm so not worthy! The great @MikeTyson and @edsbritton - drops tonight at 6pm PT at  https://t.co/sVuD7q6uI5  https://t.co/jcqI1oVqqH,en,"[{'screen_name': 'mrporter7', 'name': 'bro j simpson', 'id': '31069911'}, {'screen_name': 'hotboxinpodcast', 'name': ""hotboxin' with mike tyson"", 'id': '871892009186938880'}, {'screen_name': 'miketyson', 'name': 'mike tyson', 'id': '156132825'}, {'screen_name': 'edsbritton', 'name': 'eben britton', 'id': '4432310060'}]",['http://YouTube.com/miketyson'],[],1142,6788,44778,[],[],https://twitter.com/Eminem/status/1240798999298412546,False,,1,https://pbs.twimg.com/ext_tw_video_thumb/1240798793697832964/pu/img/-3b-aZsLpY5Hc0Zl.jpg,,,,,,,[],,,,
1240376248817287171,1240376248817287171,2020-03-18 16:35:17 Eastern Daylight Time,2020-03-18,16:35:17,-0400,22940219,eminem,Marshall Mathers,,"‚ÄúGodzilla, fire spitter, monster‚Äù üî• #GodzillaChallenge @triller  winner squad on the site. Shout out to the homie jacksherlock1 on taking the #1 spot!   https://t.co/5Es6a20KPN  https://t.co/b0j9KgwOD1",en,"[{'screen_name': 'triller', 'name': 'triller', 'id': '13344132'}]",['http://shady.sr/GodzillaWinners'],[],1150,4796,40825,['godzillachallenge'],[],https://twitter.com/Eminem/status/1240376248817287171,False,,1,https://pbs.twimg.com/ext_tw_video_thumb/1240373647946272774/pu/img/5DcCgfQk3g-sgJkq.jpg,,,,,,,[],,,,
1239715604854161409,1239715604854161409,2020-03-16 20:50:07 Eastern Daylight Time,2020-03-16,20:50:07,-0400,22940219,eminem,Marshall Mathers,,Sorry guys... Marshall Law: not a thing.,en,[],[],[],3478,16993,148473,[],[],https://twitter.com/Eminem/status/1239715604854161409,False,https://twitter.com/marcorubio/status/1239674274631294977,0,,,,,,,,[],,,,
1237091326396633088,1237091326396633088,2020-03-09 15:02:10 Eastern Daylight Time,2020-03-09,15:02:10,-0400,22940219,eminem,Marshall Mathers,,This is not a relapse!  #Godzilla Video Premiere with @LyricaLemonade for your viewing pleasure -  https://t.co/l2LCcIUavI,en,"[{'screen_name': 'lyricalemonade', 'name': 'lyrical lemonade', 'id': '1859316974'}]",['https://youtu.be/r_0JjYUe5jo'],[],1496,7216,36997,['godzilla'],[],https://twitter.com/Eminem/status/1237091326396633088,False,,0,,,,,,,,[],,,,
1237079707549675521,1237079707549675521,2020-03-09 14:16:00 Eastern Daylight Time,2020-03-09,14:16:00,-0400,22940219,eminem,Marshall Mathers,,"‚ÄúShady‚Äôs in this bitch, I‚Äôm posse‚Äôd up‚Äù Hit me up in the #Godzilla chat with @LyricaLemonade on @youtube.. I‚Äôll be in there until the video premiere in one hour!  https://t.co/m815dY4ZFa",en,"[{'screen_name': 'lyricalemonade', 'name': 'lyrical lemonade', 'id': '1859316974'}, {'screen_name': 'youtube', 'name': 'youtube', 'id': '10228272'}]",['http://shady.sr/GodzillaVid'],[],697,2972,25221,['godzilla'],[],https://twitter.com/Eminem/status/1237079707549675521,False,,0,,,,,,,,[],,,,
1235977740567883778,1235977740567883778,2020-03-06 12:17:11 Eastern Standard Time,2020-03-06,12:17:11,-0400,22940219,eminem,Marshall Mathers,,Look what I‚Äôm plannin... @LyricaLemonade @YouTube live chat Monday 2pm ET / video premiere 3pm ET #Godzilla  https://t.co/znwJXvrTzL,en,"[{'screen_name': 'lyricalemonade', 'name': 'lyrical lemonade', 'id': '1859316974'}, {'screen_name': 'youtube', 'name': 'youtube', 'id': '10228272'}]",[],[],2276,15842,81572,['godzilla'],[],https://twitter.com/Eminem/status/1235977740567883778,False,,1,https://pbs.twimg.com/ext_tw_video_thumb/1235973839429005313/pu/img/ChBkO3SQPc9FOU_s.jpg,,,,,,,[],,,,
1235657705345503238,1235657705345503238,2020-03-05 15:05:29 Eastern Standard Time,2020-03-05,15:05:29,-0400,22940219,eminem,Marshall Mathers,,Exclusive wax for @recordstoreday 4/18 - Hi My Name Is / Bad Guys Always Die ft @drdre 7‚Äù  https://t.co/kUvWXdkQFk for details  https://t.co/ZB9VY9ZNdK,en,"[{'screen_name': 'recordstoreday', 'name': 'record store day', 'id': '20197768'}, {'screen_name': 'drdre', 'name': 'dr. dre', 'id': '28209292'}]",['http://recordstoreday.com'],['https://pbs.twimg.com/media/ESXwEtdXsAEiuDk.jpg'],405,2190,18506,[],[],https://twitter.com/Eminem/status/1235657705345503238,False,,1,https://pbs.twimg.com/media/ESXwEtdXsAEiuDk.jpg,,,,,,,[],,,,
1235218921856413696,1235218921856413696,2020-03-04 10:01:54 Eastern Standard Time,2020-03-04,10:01:54,-0400,22940219,eminem,Marshall Mathers,,‚ÄúDon't nobody want it but they're gonna get it anyway!‚Äù üí• #Godzilla lyric vid just hit the site ü¶ñ-  https://t.co/MKedgY5dDB #GodzillaIsComing #GodzillaChallenge  https://t.co/fVV9uS2fSY,en,[],['http://shady.SR/GodzillaLV'],[],1011,6805,38852,"['godzilla', 'godzillaiscoming', 'godzillachallenge']",[],https://twitter.com/Eminem/status/1235218921856413696,False,,1,https://pbs.twimg.com/ext_tw_video_thumb/1235215341359427585/pu/img/aDPGdi0WGAKFO7HV.jpg,,,,,,,[],,,,
1233819076893593600,1233819076893593600,2020-02-29 13:19:25 Eastern Standard Time,2020-02-29,13:19:25,-0400,22940219,eminem,Marshall Mathers,,yo biz!! U bodied this!! But this contest is 4 ameteurs only!! Ha!! @BizMarkie @RockTheBells #GodzillaChallenge,en,"[{'screen_name': 'bizmarkie', 'name': 'biz markie', 'id': '26323017'}, {'screen_name': 'rockthebells', 'name': 'rock the bells', 'id': '931998561054552064'}]",[],[],656,2854,26907,['godzillachallenge'],[],https://twitter.com/Eminem/status/1233819076893593600,False,https://twitter.com/llcoolj/status/1233202411499474945,0,,,,,,,,[],,,,
1232374897525108736,1232374897525108736,2020-02-25 13:40:46 Eastern Standard Time,2020-02-25,13:40:46,-0400,22940219,eminem,Marshall Mathers,,‚ÄúFill ‚Äòem with the venom and eliminate ‚Äòem‚Äù @triller  #GodzillaChallenge is on. Who can spit it? Reposting + got prizes for my favorites.  https://t.co/jWfW83X7P8  https://t.co/jKMpJH7nw7,en,"[{'screen_name': 'triller', 'name': 'triller', 'id': '13344132'}]",['http://shady.sr/GodzillaChallenge'],[],5083,28731,130757,['godzillachallenge'],[],https://twitter.com/Eminem/status/1232374897525108736,False,,1,https://pbs.twimg.com/ext_tw_video_thumb/1232363191021207564/pu/img/904L6HTCiqI921l4.jpg,,,,,,,[],,,,
1231007882755346432,1231007882755346432,2020-02-21 19:08:44 Eastern Standard Time,2020-02-21,19:08:44,-0400,22940219,eminem,Marshall Mathers,,Check out my Bad half‚Äôs new album #TheAllegory - ‚Äòdis shit crazyüî•üî•!! @Royceda59 -  https://t.co/I65onaJUme  https://t.co/8AswYTuoIE,en,"[{'screen_name': 'royceda59', 'name': 'nickle', 'id': '18220386'}]",['http://lnk.to/Royce59TheAllegory'],[],495,3885,28366,['theallegory'],[],https://twitter.com/Eminem/status/1231007882755346432,False,,1,https://pbs.twimg.com/ext_tw_video_thumb/1231006930413355009/pu/img/1saDhbraJcXmWxKH.jpg,,,,,,,[],,,,
1230941520259403776,1230941520259403776,2020-02-21 14:45:02 Eastern Standard Time,2020-02-21,14:45:02,-0400,22940219,eminem,Marshall Mathers,,"Finally made it to #CrooksCorner to talk #MusicToBeMurderedBy and a lot of rap with @CrookedIntriago. Check it here, we go deep -  https://t.co/4pySbSLzDb  https://t.co/fhmICSE9q0",en,"[{'screen_name': 'crookedintriago', 'name': 'crook', 'id': '17323985'}]",['http://shady.sr/CrooksInterview'],['https://pbs.twimg.com/media/ERUnpIaXkAEwOBt.jpg'],643,3740,24683,"['crookscorner', 'musictobemurderedby']",[],https://twitter.com/Eminem/status/1230941520259403776,False,,1,https://pbs.twimg.com/media/ERUnpIaXkAEwOBt.jpg,,,,,,,[],,,,
1229955395302625281,1229955395302625281,2020-02-18 21:26:32 Eastern Standard Time,2020-02-18,21:26:32,-0400,22940219,eminem,Marshall Mathers,,So everybody just follow me... and wish @drdre a happy birthday!  https://t.co/wtKizPn52h,en,"[{'screen_name': 'drdre', 'name': 'dr. dre', 'id': '28209292'}]",[],[],3493,24426,171851,[],[],https://twitter.com/Eminem/status/1229955395302625281,False,,1,https://pbs.twimg.com/ext_tw_video_thumb/1229955195381145600/pu/img/j7POGNCkCVG1n8jW.jpg,,,,,,,[],,,,
1228384340435927042,1228384340435927042,2020-02-14 13:23:43 Eastern Standard Time,2020-02-14,13:23:43,-0400,22940219,eminem,Marshall Mathers,,"""Everybody loves to root for a nuisance"" #RapGod countdown to 1 billion üí• -  https://t.co/ODVYAOBfc0  https://t.co/xj1WOaDwsL",en,[],['http://rapgod.eminem.com/'],[],1298,9625,64757,['rapgod'],[],https://twitter.com/Eminem/status/1228384340435927042,False,,1,https://pbs.twimg.com/ext_tw_video_thumb/1228384309071032321/pu/img/d1HUmmbCijF4uSM2.jpg,,,,,,,[],,,,
1227706612242096128,1227706612242096128,2020-02-12 16:30:40 Eastern Standard Time,2020-02-12,16:30:40,-0400,22940219,eminem,Marshall Mathers,,"""Laughing all the way to the bank, I spray flames üî•They cannot tame or placate the monster"" üòà #MusicToBeMurderedBy -  https://t.co/dVwswJMbkO Thanks to @Danny_Clinch for capturing üì∏ greatness for the album.  https://t.co/7uj799V7DV",en,"[{'screen_name': 'danny_clinch', 'name': 'danny clinch', 'id': '309831852'}]",['http://smarturl.it/MTBMB'],[],1051,6466,42579,['musictobemurderedby'],[],https://twitter.com/Eminem/status/1227706612242096128,False,,1,https://pbs.twimg.com/ext_tw_video_thumb/1227706467287011328/pu/img/rKPvv_a7w5ZW-bRY.jpg,,,,,,,[],,,,
1226734856706707460,1226734856706707460,2020-02-10 00:09:16 Eastern Standard Time,2020-02-10,00:09:16,-0400,22940219,eminem,Marshall Mathers,,"I got to see my Uncle Elton tonight at the Oscars.  Congrats on your win too, Sir! @eltonofficial  https://t.co/9HsQHvGzM4",en,"[{'screen_name': 'eltonofficial', 'name': 'elton john', 'id': '174593833'}]",[],['https://pbs.twimg.com/media/EQY81iYW4AA1E7F.jpg'],2229,22211,264626,[],[],https://twitter.com/Eminem/status/1226734856706707460,False,,1,https://pbs.twimg.com/media/EQY81iYW4AA1E7F.jpg,,,,,,,[],,,,
1226696371329171457,1226696371329171457,2020-02-09 21:36:20 Eastern Standard Time,2020-02-09,21:36:20,-0400,22940219,eminem,Marshall Mathers,,"Look, if you had another shot, another opportunity... Thanks for having me @TheAcademy.  Sorry it took me 18 years to get here.  https://t.co/CmSw2hmcZo",en,"[{'screen_name': 'theacademy', 'name': 'the academy', 'id': '200163448'}]",[],[],5402,42555,266556,[],[],https://twitter.com/Eminem/status/1226696371329171457,False,,1,https://pbs.twimg.com/ext_tw_video_thumb/1226696273086091264/pu/img/Ws6Gjf3jI6MwVf56.jpg,,,,,,,[],,,,
1224501638045622272,1224501638045622272,2020-02-03 20:15:15 Eastern Standard Time,2020-02-03,20:15:15,-0400,22940219,eminem,Marshall Mathers,,Thanks LL for this incredible @RockTheBells varsity jacket...it came in a boombox box!  https://t.co/uxfmWPkykB,en,"[{'screen_name': 'rockthebells', 'name': 'rock the bells', 'id': '931998561054552064'}]",[],"['https://pbs.twimg.com/media/EP5Nvo5WoAIy7_a.jpg', 'https://pbs.twimg.com/media/EP5Nvo7W4AMZJB5.jpg']",802,3571,41506,[],[],https://twitter.com/Eminem/status/1224501638045622272,False,,1,https://pbs.twimg.com/media/EP5Nvo5WoAIy7_a.jpg,,,,,,,[],,,,
1224390401227882496,1224390401227882496,2020-02-03 12:53:14 Eastern Standard Time,2020-02-03,12:53:14,-0400,22940219,eminem,Marshall Mathers,,Listen to #MusicToBeMurderedBy on @Spotify -  https://t.co/0c2LlllYDd  https://t.co/Gm6jtRgIFy,en,"[{'screen_name': 'spotify', 'name': 'spotify', 'id': '17230018'}]",['http://smarturl.it/MTBMB/spotify'],[],1021,5398,42249,['musictobemurderedby'],[],https://twitter.com/Eminem/status/1224390401227882496,False,,1,https://pbs.twimg.com/ext_tw_video_thumb/1224390366444605440/pu/img/TWt0qPxNzp3dXP1w.jpg,,,,,,,[],,,,
1223346373300453377,1223346373300453377,2020-01-31 15:44:38 Eastern Standard Time,2020-01-31,15:44:38,-0400,22940219,eminem,Marshall Mathers,,Yesterday confirmed what me and @drdre already knew back in ‚Äô02!  Congrats to @50cent on his Star on the Hollywood Walk of Fame - hit the site to check the video and gallery -  https://t.co/w9OqpJjC1o  üì∏: @jeremydeputat  https://t.co/ukcg3BW59o,en,"[{'screen_name': 'drdre', 'name': 'dr. dre', 'id': '28209292'}, {'screen_name': '50cent', 'name': '50cent', 'id': '18222378'}]",['http://shady.sr/Hollywood50'],['https://pbs.twimg.com/media/EPozCnuXkAY5D9s.jpg'],1037,8346,77715,[],[],https://twitter.com/Eminem/status/1223346373300453377,False,,1,https://pbs.twimg.com/media/EPozCnuXkAY5D9s.jpg,,,,,,,[],,,,
1222707390543515648,1222707390543515648,2020-01-29 21:25:33 Eastern Standard Time,2020-01-29,21:25:33,-0400,22940219,eminem,Marshall Mathers,,‚ÄúDon‚Äôt you wanna grow up to be just like me?‚Äù Check the #MTBMB album cover generator - hit me with your version using the hashtag. Gonna repost the best ones on my IG stories!   https://t.co/SxOuLciI5w,en,[],['https://umusic.digital/nqnrbf/'],[],2237,3480,33355,['mtbmb'],[],https://twitter.com/Eminem/status/1222707390543515648,False,,0,,,,,,,,[],,,,
1222315378849783808,1222315378849783808,2020-01-28 19:27:50 Eastern Standard Time,2020-01-28,19:27:50,-0400,22940219,eminem,Marshall Mathers,,Business in the front / Murder in the back - #MTBMB Lithograph Set just dropped on the site -  https://t.co/dPOUs5OSL5  https://t.co/wsAhc7N16Z,en,[],['http://shady.sr/MTBMBLithos'],['https://pbs.twimg.com/media/EPaJWqKWkAAykRN.jpg'],1061,5901,54040,['mtbmb'],[],https://twitter.com/Eminem/status/1222315378849783808,False,,1,https://pbs.twimg.com/media/EPaJWqKWkAAykRN.jpg,,,,,,,[],,,,
1220794606331273218,1220794606331273218,2020-01-24 14:44:50 Eastern Standard Time,2020-01-24,14:44:50,-0400,22940219,eminem,Marshall Mathers,,Did I do this right?  https://t.co/ZkoV5T4yxB,en,[],[],['https://pbs.twimg.com/media/EPEiORxWkAEz8pH.jpg'],8205,53404,368763,[],[],https://twitter.com/Eminem/status/1220794606331273218,False,,1,https://pbs.twimg.com/media/EPEiORxWkAEz8pH.jpg,,,,,,,[],,,,
1220365487109918720,1220365487109918720,2020-01-23 10:19:40 Eastern Standard Time,2020-01-23,10:19:40,-0400,22940219,eminem,Marshall Mathers,,"‚ÄúCause, see, they call me a menace and if the shoe fits, I'll wear it. But if it don't, then y'all will swallow the truth, grin and bear it‚Äù #Renegade #MusicToBeMurderedBy  https://t.co/2aIFk2kz8a",en,[],[],['https://pbs.twimg.com/media/EO-b8P7X4AIEhzu.jpg'],2544,25305,109262,"['renegade', 'musictobemurderedby']",[],https://twitter.com/Eminem/status/1220365487109918720,False,,1,https://pbs.twimg.com/media/EO-b8P7X4AIEhzu.jpg,,,,,,,[],,,,
1218299483936739336,1218299483936739336,2020-01-17 17:30:06 Eastern Standard Time,2020-01-17,17:30:06,-0400,22940219,eminem,Marshall Mathers,,These bars are only meant for the sharpest knives in the drawer  #MusicToBeMurderedBy  https://t.co/q4TAFJUVGV  https://t.co/qA9A3LiYYI,en,[],['https://smarturl.it/MTBMB'],[],1792,11705,69890,['musictobemurderedby'],[],https://twitter.com/Eminem/status/1218299483936739336,False,,1,https://pbs.twimg.com/ext_tw_video_thumb/1218299383286026240/pu/img/00URdjRxvZf7wDIJ.jpg,,,,,,,[],,,,
1218050711780499456,1218050711780499456,2020-01-17 01:01:34 Eastern Standard Time,2020-01-17,01:01:34,-0400,22940219,eminem,Marshall Mathers,,"Hello, Darkness, my old friend...  #Darkness Video -  https://t.co/zuS9Oo6730  #MusicToBeMurderedBy  https://t.co/Aykla7R524",en,[],['https://www.eminem.com/darkness'],[],3331,29458,128723,"['darkness', 'musictobemurderedby']",[],https://twitter.com/Eminem/status/1218050711780499456,False,,1,https://pbs.twimg.com/ext_tw_video_thumb/1218050581992038400/pu/img/A8AdtfLV1Kz06ZgJ.jpg,,,,,,,[],,,,
1218044393736822786,1218044393736822786,2020-01-17 00:36:28 Eastern Standard Time,2020-01-17,00:36:28,-0400,22940219,eminem,Marshall Mathers,,"Inspired by the master, Uncle Alfred! #MusicToBeMurderedBy  https://t.co/ilXAjJtqzV",en,[],[],['https://pbs.twimg.com/media/EOdc64gX0AouYNi.jpg'],1882,21938,133066,['musictobemurderedby'],[],https://twitter.com/Eminem/status/1218044393736822786,False,,1,https://pbs.twimg.com/media/EOdc64gX0AouYNi.jpg,,,,,,,[],,,,
1218036500698468352,1218036500698468352,2020-01-17 00:05:06 Eastern Standard Time,2020-01-17,00:05:06,-0400,22940219,eminem,Marshall Mathers,,It‚Äôs your funeral...  #MusicToBeMurderedBy Out Now -  https://t.co/q4TAFJUVGV  https://t.co/6PqnTjCKgu,en,[],['https://smarturl.it/MTBMB'],['https://pbs.twimg.com/media/EOdVuEyXkAEahsE.jpg'],15064,70632,248877,['musictobemurderedby'],[],https://twitter.com/Eminem/status/1218036500698468352,False,,1,https://pbs.twimg.com/media/EOdVuEyXkAEahsE.jpg,,,,,,,[],,,,
1217247346918133761,1217247346918133761,2020-01-14 19:49:17 Eastern Standard Time,2020-01-14,19:49:17,-0400,22940219,eminem,Marshall Mathers,,Check out this new @therealredman video! Fuckin incredible &amp; hilarious!!  https://t.co/vxxuHn4xCb,en,"[{'screen_name': 'therealredman', 'name': 'redman', 'id': '39204454'}]",['https://youtu.be/v62QkD_q1bs'],[],1321,3917,31932,[],[],https://twitter.com/Eminem/status/1217247346918133761,False,,0,,,,,,,,[],,,,
